epoch,time,train/box_loss,train/cls_loss,train/dfl_loss,metrics/precision(B),metrics/recall(B),metrics/mAP50(B),metrics/mAP50-95(B),val/box_loss,val/cls_loss,val/dfl_loss,lr/pg0,lr/pg1,lr/pg2
1,12.7541,2.0865,3.26745,1.85668,0.0024,0.22222,0.00624,0.0018,2.1048,3.94784,2.03531,2e-05,2e-05,2e-05
2,26.2022,2.05022,3.41378,1.73497,0.00307,0.28395,0.01246,0.00313,1.97254,3.90521,1.91852,5.99406e-05,5.99406e-05,5.99406e-05
3,38.6154,2.06878,3.48146,1.74758,0.00427,0.39506,0.0277,0.01682,1.83093,3.75839,1.75633,9.9802e-05,9.9802e-05,9.9802e-05
4,50.6782,1.75014,3.21002,1.62972,0.0064,0.59259,0.03792,0.0234,1.68469,3.58453,1.54615,0.000139584,0.000139584,0.000139584
5,63.0246,1.69323,3.18409,1.61442,0.00707,0.65432,0.06293,0.03942,1.53217,3.43307,1.37232,0.000179287,0.000179287,0.000179287
6,75.0444,1.57053,2.86474,1.4311,0.0076,0.7037,0.0943,0.05729,1.47909,3.34843,1.29164,0.000218911,0.000218911,0.000218911
7,87.0685,1.64809,2.59021,1.4234,0.00827,0.76543,0.12368,0.07948,1.47813,3.29213,1.27318,0.000258456,0.000258456,0.000258456
8,99.6222,1.54164,2.44188,1.35076,0.0088,0.81481,0.14822,0.0912,1.51203,3.23676,1.28212,0.000297921,0.000297921,0.000297921
9,111.877,1.57219,2.7159,1.56607,0.00893,0.82716,0.16808,0.10751,1.52862,3.20585,1.27427,0.000337307,0.000337307,0.000337307
10,123.894,1.67215,2.11453,1.45175,0.00893,0.82716,0.19466,0.12924,1.516,3.15981,1.26389,0.000376614,0.000376614,0.000376614
11,135.978,1.54306,1.84929,1.32097,0.00853,0.79012,0.19741,0.13505,1.44936,3.13342,1.25275,0.000415842,0.000415842,0.000415842
12,148.097,1.48977,1.856,1.28612,0.00867,0.80247,0.20878,0.14777,1.37098,3.12734,1.21852,0.000454991,0.000454991,0.000454991
13,160.147,1.66378,1.90852,1.35739,0.00867,0.80247,0.22353,0.16266,1.33227,3.11713,1.20207,0.00049406,0.00049406,0.00049406
14,172.173,1.36284,1.65936,1.29896,0.0092,0.85185,0.23933,0.16904,1.32897,3.1031,1.20096,0.00053305,0.00053305,0.00053305
15,184.221,1.66176,2.01925,1.40541,0.27947,0.23457,0.21921,0.15384,1.32472,3.12079,1.21518,0.000571961,0.000571961,0.000571961
16,196.112,1.54661,1.61831,1.31622,0.01472,0.74074,0.21685,0.13916,1.2882,3.10401,1.17399,0.000610793,0.000610793,0.000610793
17,208.305,1.40577,1.77837,1.24079,0.01,0.92593,0.23664,0.15676,1.26768,3.06176,1.15223,0.000649546,0.000649546,0.000649546
18,220.213,1.44608,1.72615,1.20677,0.01,0.92593,0.23638,0.16039,1.33385,3.0816,1.15629,0.000688219,0.000688219,0.000688219
19,232.378,1.44717,1.62469,1.2947,0.01,0.92593,0.18011,0.11355,1.41569,3.12005,1.19071,0.000726813,0.000726813,0.000726813
20,244.53,1.45515,1.54757,1.25355,0.57954,0.01824,0.15101,0.08848,1.40573,3.12015,1.21399,0.000765328,0.000765328,0.000765328
21,256.453,1.47657,1.46132,1.27177,0.61974,0.04938,0.18248,0.10884,1.41099,3.04422,1.24063,0.000803764,0.000803764,0.000803764
22,268.308,1.32145,1.64403,1.18797,1,0.08209,0.27313,0.15378,1.44368,2.97663,1.24984,0.000842121,0.000842121,0.000842121
23,280.185,1.28608,1.5639,1.2307,0.94169,0.11111,0.25252,0.13971,1.43481,3.0437,1.24203,0.000880398,0.000880398,0.000880398
24,292.123,1.14574,1.45528,1.18464,1,0.09409,0.21537,0.12895,1.41095,3.11797,1.24721,0.000918596,0.000918596,0.000918596
25,304.07,1.37657,1.32589,1.19119,0.87282,0.08491,0.19227,0.11715,1.40368,3.12605,1.25146,0.000956715,0.000956715,0.000956715
26,315.886,1.34873,1.47279,1.24519,0.64506,0.16049,0.2438,0.13897,1.46581,2.92417,1.28467,0.000994755,0.000994755,0.000994755
27,327.872,1.31947,1.26224,1.2152,0.70769,0.20925,0.31994,0.18819,1.5068,2.76318,1.31929,0.00103272,0.00103272,0.00103272
28,339.724,1.39943,1.41066,1.20862,0.70769,0.20925,0.31994,0.18819,1.5068,2.76318,1.31929,0.0010706,0.0010706,0.0010706
29,351.66,1.47194,1.59595,1.29234,0.80365,0.25277,0.36375,0.22155,1.44095,2.62775,1.31892,0.0011084,0.0011084,0.0011084
30,363.661,1.34076,1.41576,1.26251,0.792,0.23506,0.36877,0.22455,1.35576,2.65394,1.261,0.00114612,0.00114612,0.00114612
31,378.608,1.22096,1.37593,1.17432,0.792,0.23506,0.36877,0.22455,1.35576,2.65394,1.261,0.00118377,0.00118377,0.00118377
32,391.79,1.3003,1.46497,1.21084,0.83191,0.30559,0.52568,0.30918,1.28293,2.4897,1.17759,0.00122133,0.00122133,0.00122133
33,406.217,1.23814,1.30874,1.22797,0.80158,0.49383,0.69362,0.40998,1.31753,2.1913,1.19278,0.00125882,0.00125882,0.00125882
34,418.417,1.27139,1.48951,1.22332,0.80158,0.49383,0.69362,0.40998,1.31753,2.1913,1.19278,0.00129622,0.00129622,0.00129622
35,430.702,1.25476,1.25432,1.21567,0.86827,0.5679,0.73433,0.42877,1.30975,2.11109,1.23747,0.00133355,0.00133355,0.00133355
36,442.829,1.33829,1.32987,1.1864,0.69699,0.4544,0.57106,0.35208,1.32009,2.15026,1.25396,0.0013708,0.0013708,0.0013708
37,455.007,1.36371,1.18039,1.21426,0.69699,0.4544,0.57106,0.35208,1.32009,2.15026,1.25396,0.00140797,0.00140797,0.00140797
38,467.193,1.26539,1.18893,1.23527,0.64957,0.3891,0.49602,0.3067,1.26263,2.21685,1.27111,0.00144505,0.00144505,0.00144505
39,479.114,1.20172,1.27584,1.1688,0.50976,0.41083,0.44901,0.28074,1.20136,2.28247,1.20807,0.00148207,0.00148207,0.00148207
40,491.224,1.2329,1.38229,1.24831,0.50976,0.41083,0.44901,0.28074,1.20136,2.28247,1.20807,0.001519,0.001519,0.001519
41,503.517,1.25677,1.20875,1.15844,0.376,0.33333,0.36422,0.21999,1.25417,2.43566,1.18825,0.00155585,0.00155585,0.00155585
42,515.65,1.27722,1.26484,1.1793,0.40736,0.28395,0.30936,0.20664,1.27037,2.53389,1.17528,0.00159262,0.00159262,0.00159262
43,527.867,1.27329,1.25683,1.18955,0.40736,0.28395,0.30936,0.20664,1.27037,2.53389,1.17528,0.00162931,0.00162931,0.00162931
44,539.876,1.16582,1.14584,1.16895,0.54997,0.35802,0.40091,0.24896,1.29621,2.34037,1.21464,0.00166593,0.00166593,0.00166593
45,551.726,1.25938,1.20044,1.12782,0.54997,0.35802,0.40091,0.24896,1.29621,2.34037,1.21464,0.00170246,0.00170246,0.00170246
46,563.922,1.2439,1.16164,1.20881,0.68411,0.48148,0.58069,0.32626,1.46312,2.05143,1.31943,0.00173892,0.00173892,0.00173892
47,575.813,1.15869,1.12942,1.13157,0.68411,0.48148,0.58069,0.32626,1.46312,2.05143,1.31943,0.0017753,0.0017753,0.0017753
48,587.821,1.18263,1.16285,1.20189,0.62568,0.5572,0.56579,0.31886,1.37468,1.96731,1.26058,0.00181159,0.00181159,0.00181159
49,599.798,1.20732,1.09282,1.17641,0.62568,0.5572,0.56579,0.31886,1.37468,1.96731,1.26058,0.00184781,0.00184781,0.00184781
50,611.857,1.21232,1.42273,1.28203,0.51418,0.65432,0.52595,0.30895,1.36783,1.94159,1.24291,0.00188395,0.00188395,0.00188395
51,623.936,1.40314,1.23296,1.24817,0.51418,0.65432,0.52595,0.30895,1.36783,1.94159,1.24291,0.001901,0.001901,0.001901
52,636.145,1.26459,1.20248,1.22862,0.43069,0.66313,0.43088,0.26353,1.42226,1.97024,1.32793,0.00189902,0.00189902,0.00189902
53,648.085,1.18195,1.26357,1.12826,0.43069,0.66313,0.43088,0.26353,1.42226,1.97024,1.32793,0.00189704,0.00189704,0.00189704
54,660.336,1.25922,1.25261,1.15616,0.58857,0.69136,0.61089,0.33636,1.46062,1.70413,1.39542,0.00189506,0.00189506,0.00189506
55,672.587,1.44077,1.28932,1.23647,0.58857,0.69136,0.61089,0.33636,1.46062,1.70413,1.39542,0.00189308,0.00189308,0.00189308
56,1588.48,1.18162,1.08867,1.13425,0.68994,0.76923,0.74079,0.42036,1.31622,1.57436,1.30743,0.0018911,0.0018911,0.0018911
57,1600.73,1.25291,1.18342,1.16074,0.68994,0.76923,0.74079,0.42036,1.31622,1.57436,1.30743,0.00188912,0.00188912,0.00188912
58,1612.41,1.24735,0.98222,1.12166,0.64886,0.71605,0.71905,0.47041,1.23516,1.65835,1.24088,0.00188714,0.00188714,0.00188714
59,1623.88,1.1675,1.13474,1.14928,0.64886,0.71605,0.71905,0.47041,1.23516,1.65835,1.24088,0.00188516,0.00188516,0.00188516
60,1635.49,1.22724,1.20592,1.20917,0.48237,0.60494,0.50751,0.31908,1.23629,1.97767,1.25364,0.00188318,0.00188318,0.00188318
61,1647.52,1.22367,1.13869,1.15783,0.48237,0.60494,0.50751,0.31908,1.23629,1.97767,1.25364,0.0018812,0.0018812,0.0018812
62,1659.14,1.10154,1.11236,1.10554,0.20976,0.59259,0.21115,0.12434,1.22993,2.6722,1.28824,0.00187922,0.00187922,0.00187922
63,1670.84,1.15012,1.01614,1.09392,0.20976,0.59259,0.21115,0.12434,1.22993,2.6722,1.28824,0.00187724,0.00187724,0.00187724
64,1682.56,1.14666,1.01765,1.10281,0.28404,0.55556,0.29554,0.17966,1.28097,2.5322,1.24596,0.00187526,0.00187526,0.00187526
65,1694.2,1.0853,1.07601,1.11727,0.28404,0.55556,0.29554,0.17966,1.28097,2.5322,1.24596,0.00187328,0.00187328,0.00187328
66,1706.37,1.13054,0.98577,1.06318,0.31636,0.66667,0.33295,0.19864,1.33811,2.09709,1.26414,0.0018713,0.0018713,0.0018713
67,1717.9,1.1063,1.05587,1.14412,0.31636,0.66667,0.33295,0.19864,1.33811,2.09709,1.26414,0.00186932,0.00186932,0.00186932
68,1729.83,1.12431,1.04158,1.14787,0.35134,0.60853,0.36618,0.23934,1.23567,2.06768,1.18211,0.00186734,0.00186734,0.00186734
69,1741.47,1.22462,1.05571,1.16205,0.35134,0.60853,0.36618,0.23934,1.23567,2.06768,1.18211,0.00186536,0.00186536,0.00186536
70,1753.03,1.23452,1.12061,1.17568,0.4534,0.6554,0.47299,0.30522,1.17108,1.77591,1.12129,0.00186338,0.00186338,0.00186338
71,2717.06,1.0826,0.96042,1.10265,0.4534,0.6554,0.47299,0.30522,1.17108,1.77591,1.12129,0.0018614,0.0018614,0.0018614
72,2730.08,1.04015,1.01381,1.10394,0.60765,0.66924,0.60069,0.40315,1.16526,1.51896,1.14652,0.00185942,0.00185942,0.00185942
73,2741.91,1.15887,0.98854,1.15937,0.60765,0.66924,0.60069,0.40315,1.16526,1.51896,1.14652,0.00185744,0.00185744,0.00185744
74,2753.57,1.06715,0.98647,1.10321,0.59615,0.7284,0.65189,0.44012,1.15707,1.4065,1.15416,0.00185546,0.00185546,0.00185546
75,2765.12,1.06773,0.93181,1.09291,0.59615,0.7284,0.65189,0.44012,1.15707,1.4065,1.15416,0.00185348,0.00185348,0.00185348
76,2776.81,1.08281,0.91329,1.08442,0.73072,0.75309,0.74942,0.48155,1.12334,1.37502,1.14756,0.0018515,0.0018515,0.0018515
77,2788.55,1.09707,0.9634,1.07006,0.73072,0.75309,0.74942,0.48155,1.12334,1.37502,1.14756,0.00184952,0.00184952,0.00184952
78,2800.26,1.07017,0.93676,1.08933,0.78717,0.64198,0.75847,0.54421,1.02723,1.41466,1.0522,0.00184754,0.00184754,0.00184754
79,2812.09,1.009,0.87838,1.09893,0.78717,0.64198,0.75847,0.54421,1.02723,1.41466,1.0522,0.00184556,0.00184556,0.00184556
80,2823.73,0.9831,0.84475,1.00994,0.6621,0.62896,0.6711,0.49515,1.04013,1.56158,1.05912,0.00184358,0.00184358,0.00184358
81,2835.54,0.90518,0.9384,1.07535,0.6621,0.62896,0.6711,0.49515,1.04013,1.56158,1.05912,0.0018416,0.0018416,0.0018416
82,2847.08,0.90188,0.78268,1.00847,0.65955,0.48148,0.5747,0.41857,1.09313,1.71787,1.09844,0.00183962,0.00183962,0.00183962
83,2858.69,1.04061,0.91018,1.08548,0.65955,0.48148,0.5747,0.41857,1.09313,1.71787,1.09844,0.00183764,0.00183764,0.00183764
84,2870.25,0.94825,0.87584,1.01577,0.48364,0.451,0.45354,0.32995,1.14626,2.01962,1.13572,0.00183566,0.00183566,0.00183566
85,2881.84,1.14263,0.9558,1.1508,0.48364,0.451,0.45354,0.32995,1.14626,2.01962,1.13572,0.00183368,0.00183368,0.00183368
86,2893.43,0.97296,0.86634,1.03719,0.45844,0.64198,0.53836,0.36927,1.1466,1.81595,1.13188,0.0018317,0.0018317,0.0018317
87,2905.42,1.01665,0.8681,1.05297,0.45844,0.64198,0.53836,0.36927,1.1466,1.81595,1.13188,0.00182972,0.00182972,0.00182972
88,2917.17,1.00588,0.80217,1.02407,0.84758,0.68655,0.77702,0.5523,1.10485,1.29102,1.09769,0.00182774,0.00182774,0.00182774
89,2929.05,0.98557,0.86887,1.05836,0.84758,0.68655,0.77702,0.5523,1.10485,1.29102,1.09769,0.00182576,0.00182576,0.00182576
90,2940.94,0.91227,0.87048,1.03632,0.91245,0.82716,0.88379,0.66251,0.96174,1.02482,1.03222,0.00182378,0.00182378,0.00182378
91,2953,0.9495,0.81773,1.02245,0.91245,0.82716,0.88379,0.66251,0.96174,1.02482,1.03222,0.0018218,0.0018218,0.0018218
92,2964.95,0.94329,0.8585,1.02502,0.97642,0.81481,0.89227,0.66079,0.95733,0.97649,1.04273,0.00181982,0.00181982,0.00181982
93,2976.8,1.10233,0.9554,1.03559,0.97642,0.81481,0.89227,0.66079,0.95733,0.97649,1.04273,0.00181784,0.00181784,0.00181784
94,2988.77,1.04268,0.86435,1.04009,0.97051,0.81248,0.89491,0.67514,0.94076,0.97372,1.03091,0.00181586,0.00181586,0.00181586
95,3000.71,1.02852,0.84978,1.02595,0.97051,0.81248,0.89491,0.67514,0.94076,0.97372,1.03091,0.00181388,0.00181388,0.00181388
96,3012.77,0.84449,0.80056,0.99026,0.9585,0.8555,0.91558,0.69945,0.9004,0.91666,1.00326,0.0018119,0.0018119,0.0018119
97,3024.84,0.99487,0.82402,1.05845,0.9585,0.8555,0.91558,0.69945,0.9004,0.91666,1.00326,0.00180992,0.00180992,0.00180992
98,3037.1,1.01827,0.82365,1.08814,0.91936,0.87654,0.93312,0.7029,0.88548,0.8528,0.997,0.00180794,0.00180794,0.00180794
99,3049.17,1.02061,0.85823,1.09947,0.91936,0.87654,0.93312,0.7029,0.88548,0.8528,0.997,0.00180596,0.00180596,0.00180596
100,3061.6,0.87229,0.86126,1.00809,0.94513,0.88889,0.9279,0.6804,0.93308,0.86742,0.9965,0.00180398,0.00180398,0.00180398
101,3073.75,0.93503,0.76929,0.99093,0.94513,0.88889,0.9279,0.6804,0.93308,0.86742,0.9965,0.001802,0.001802,0.001802
102,3086.03,0.94326,0.79244,0.98014,0.90995,0.90123,0.93251,0.68781,0.96311,0.86335,1.0159,0.00180002,0.00180002,0.00180002
103,3098.24,0.96531,0.75112,0.99146,0.90995,0.90123,0.93251,0.68781,0.96311,0.86335,1.0159,0.00179804,0.00179804,0.00179804
104,3110.97,0.91824,0.7781,0.98056,0.88973,0.89658,0.93237,0.69817,0.92349,0.81898,0.99696,0.00179606,0.00179606,0.00179606
105,3123.01,1.0016,0.80299,1.0617,0.88973,0.89658,0.93237,0.69817,0.92349,0.81898,0.99696,0.00179408,0.00179408,0.00179408
106,3701.86,0.8229,0.73989,1.00776,0.88589,0.90123,0.91597,0.7299,0.81344,0.81716,0.95011,0.0017921,0.0017921,0.0017921
107,3715.11,0.81699,0.72842,0.99616,0.88589,0.90123,0.91597,0.7299,0.81344,0.81716,0.95011,0.00179012,0.00179012,0.00179012
108,3726.99,0.97839,0.99988,1.08271,0.86169,0.83951,0.92894,0.72561,0.83139,0.88143,0.95276,0.00178814,0.00178814,0.00178814
109,3738.7,0.99018,0.77909,1.05249,0.86169,0.83951,0.92894,0.72561,0.83139,0.88143,0.95276,0.00178616,0.00178616,0.00178616
110,3750.35,0.8994,0.78054,1.02036,0.93465,0.88889,0.93681,0.7236,0.81807,0.87807,0.96166,0.00178418,0.00178418,0.00178418
111,3762.17,0.85057,0.75758,1.00073,0.93465,0.88889,0.93681,0.7236,0.81807,0.87807,0.96166,0.0017822,0.0017822,0.0017822
112,3774.47,0.87304,0.74414,1.02875,0.94486,0.91358,0.94751,0.71127,0.86629,0.76974,0.98129,0.00178022,0.00178022,0.00178022
113,3810.29,0.86082,0.72681,0.98597,0.94486,0.91358,0.94751,0.71127,0.86629,0.76974,0.98129,0.00177824,0.00177824,0.00177824
114,3822.41,0.86998,0.75719,0.99699,0.95958,0.88889,0.93825,0.71314,0.85719,0.77191,0.97784,0.00177626,0.00177626,0.00177626
115,3833.82,0.93884,0.7619,1.01842,0.95958,0.88889,0.93825,0.71314,0.85719,0.77191,0.97784,0.00177428,0.00177428,0.00177428
116,3845.51,0.9757,0.78397,1.02898,0.94148,0.87654,0.93231,0.72322,0.83009,0.8096,0.97989,0.0017723,0.0017723,0.0017723
117,3857.11,0.87682,0.72815,1.00638,0.94148,0.87654,0.93231,0.72322,0.83009,0.8096,0.97989,0.00177032,0.00177032,0.00177032
118,3894.22,0.91422,0.82625,1.06811,0.93249,0.90123,0.94112,0.7339,0.83885,0.81386,0.98356,0.00176834,0.00176834,0.00176834
119,3906.99,0.80696,0.6992,0.95908,0.93249,0.90123,0.94112,0.7339,0.83885,0.81386,0.98356,0.00176636,0.00176636,0.00176636
120,3918.86,0.91173,0.76028,1.04686,0.94924,0.92347,0.95351,0.75846,0.79878,0.78558,0.95825,0.00176438,0.00176438,0.00176438
121,3930.4,0.83103,0.72849,0.98291,0.94924,0.92347,0.95351,0.75846,0.79878,0.78558,0.95825,0.0017624,0.0017624,0.0017624
122,4843.97,0.85007,0.77142,1.00146,0.96149,0.92484,0.95902,0.75122,0.84626,0.74102,0.96918,0.00176042,0.00176042,0.00176042
123,4856.87,0.89307,0.70205,1.01816,0.96149,0.92484,0.95902,0.75122,0.84626,0.74102,0.96918,0.00175844,0.00175844,0.00175844
124,4869.52,0.90624,0.69982,0.98608,0.94966,0.93163,0.95981,0.75191,0.8154,0.71586,0.96284,0.00175646,0.00175646,0.00175646
125,4881.62,0.77589,0.70288,0.98189,0.94966,0.93163,0.95981,0.75191,0.8154,0.71586,0.96284,0.00175448,0.00175448,0.00175448
126,4893.59,0.82024,0.69053,0.95566,0.96113,0.91571,0.95684,0.73936,0.83856,0.66834,0.95212,0.0017525,0.0017525,0.0017525
127,4905.42,0.79738,0.69567,0.98262,0.96113,0.91571,0.95684,0.73936,0.83856,0.66834,0.95212,0.00175052,0.00175052,0.00175052
128,4917.11,0.90741,0.67985,0.9961,0.9711,0.90123,0.9556,0.74998,0.79698,0.65846,0.94043,0.00174854,0.00174854,0.00174854
129,4928.83,0.80881,0.67302,0.95166,0.9711,0.90123,0.9556,0.74998,0.79698,0.65846,0.94043,0.00174656,0.00174656,0.00174656
130,4940.33,0.8067,0.64633,0.98392,0.98679,0.92205,0.95847,0.76055,0.78074,0.65821,0.92005,0.00174458,0.00174458,0.00174458
131,4951.84,0.99627,0.82737,1.0571,0.98679,0.92205,0.95847,0.76055,0.78074,0.65821,0.92005,0.0017426,0.0017426,0.0017426
132,4963.63,0.89671,0.81492,1.02812,0.98783,0.92593,0.96346,0.74863,0.8411,0.67976,0.9511,0.00174062,0.00174062,0.00174062
133,4975.44,0.88333,0.6888,0.96634,0.98783,0.92593,0.96346,0.74863,0.8411,0.67976,0.9511,0.00173864,0.00173864,0.00173864
134,4987.15,0.91894,0.76295,1.11401,0.97314,0.95062,0.96568,0.74572,0.84246,0.69114,0.96511,0.00173666,0.00173666,0.00173666
135,4998.52,0.83298,0.72301,0.99254,0.97314,0.95062,0.96568,0.74572,0.84246,0.69114,0.96511,0.00173468,0.00173468,0.00173468
136,5010.16,0.95488,0.73048,1.01943,0.98266,0.95062,0.96667,0.76975,0.80533,0.67578,0.96128,0.0017327,0.0017327,0.0017327
137,5021.83,0.83532,0.69162,0.99192,0.98266,0.95062,0.96667,0.76975,0.80533,0.67578,0.96128,0.00173072,0.00173072,0.00173072
138,5033.67,0.86915,0.73171,1.02738,0.97418,0.93177,0.97076,0.79052,0.77818,0.66501,0.95439,0.00172874,0.00172874,0.00172874
139,5045.54,0.87427,0.7054,1.00845,0.97418,0.93177,0.97076,0.79052,0.77818,0.66501,0.95439,0.00172676,0.00172676,0.00172676
140,5109.25,0.86058,0.64531,1.00013,0.9395,0.95854,0.96802,0.80001,0.70329,0.65584,0.92466,0.00172478,0.00172478,0.00172478
141,5121.3,0.86663,0.7353,1.00008,0.9395,0.95854,0.96802,0.80001,0.70329,0.65584,0.92466,0.0017228,0.0017228,0.0017228
142,5133.11,0.81214,0.66585,1.00143,0.97434,0.93772,0.96104,0.78929,0.69601,0.67303,0.89877,0.00172082,0.00172082,0.00172082
143,5145.1,0.89335,0.72055,1.01926,0.97434,0.93772,0.96104,0.78929,0.69601,0.67303,0.89877,0.00171884,0.00171884,0.00171884
144,5156.68,0.89151,0.6616,1.02771,0.97901,0.95062,0.96715,0.79858,0.68668,0.65208,0.89661,0.00171686,0.00171686,0.00171686
145,5168.3,0.87156,0.72234,0.99585,0.97901,0.95062,0.96715,0.79858,0.68668,0.65208,0.89661,0.00171488,0.00171488,0.00171488
146,5180.29,0.81396,0.64896,0.97046,0.98003,0.96296,0.96663,0.78139,0.76653,0.65914,0.92372,0.0017129,0.0017129,0.0017129
147,5191.93,0.83924,0.66749,1.00036,0.98003,0.96296,0.96663,0.78139,0.76653,0.65914,0.92372,0.00171092,0.00171092,0.00171092
148,5206.46,0.89355,0.69078,1.00465,0.98731,0.96027,0.96687,0.79376,0.70469,0.61698,0.913,0.00170894,0.00170894,0.00170894
149,5422.68,0.8082,0.68152,0.97052,0.98731,0.96027,0.96687,0.79376,0.70469,0.61698,0.913,0.00170696,0.00170696,0.00170696
150,5434.74,0.90034,0.69751,1.00606,0.95916,0.97531,0.9739,0.79763,0.68366,0.58795,0.909,0.00170498,0.00170498,0.00170498
151,5446.4,0.87142,0.67489,0.99951,0.95916,0.97531,0.9739,0.79763,0.68366,0.58795,0.909,0.001703,0.001703,0.001703
152,5643.1,0.94209,0.85885,1.02302,0.98708,0.94297,0.9741,0.78646,0.735,0.59908,0.92555,0.00170102,0.00170102,0.00170102
153,5656.21,1.01824,0.80546,1.0764,0.98708,0.94297,0.9741,0.78646,0.735,0.59908,0.92555,0.00169904,0.00169904,0.00169904
154,5668.65,0.81308,0.63776,0.98727,0.96287,0.9604,0.97233,0.79296,0.72855,0.59514,0.93244,0.00169706,0.00169706,0.00169706
155,5680.41,0.79605,0.63336,0.92693,0.96287,0.9604,0.97233,0.79296,0.72855,0.59514,0.93244,0.00169508,0.00169508,0.00169508
156,5691.89,0.77525,0.59154,0.95714,0.98452,0.95062,0.96355,0.78168,0.75183,0.58512,0.93371,0.0016931,0.0016931,0.0016931
157,5703.64,0.90015,0.6494,0.96877,0.98452,0.95062,0.96355,0.78168,0.75183,0.58512,0.93371,0.00169112,0.00169112,0.00169112
158,5715.37,0.90503,0.6889,1.01321,0.98398,0.95062,0.9642,0.79053,0.70612,0.57083,0.91594,0.00168914,0.00168914,0.00168914
159,5726.98,0.77167,0.60001,0.94312,0.98398,0.95062,0.9642,0.79053,0.70612,0.57083,0.91594,0.00168716,0.00168716,0.00168716
160,5738.62,0.75897,0.59309,0.96565,0.99751,0.95062,0.96489,0.80447,0.66943,0.55141,0.89653,0.00168518,0.00168518,0.00168518
161,5752.69,0.86101,0.64772,0.96859,0.99751,0.95062,0.96489,0.80447,0.66943,0.55141,0.89653,0.0016832,0.0016832,0.0016832
162,5764.56,0.79134,0.59526,0.91605,0.99843,0.96296,0.9748,0.81409,0.6849,0.54774,0.89693,0.00168122,0.00168122,0.00168122
163,6676.94,0.80345,0.6068,0.9413,0.99843,0.96296,0.9748,0.81409,0.6849,0.54774,0.89693,0.00167924,0.00167924,0.00167924
164,6691.38,0.75024,0.61165,0.98072,0.98722,0.95392,0.98418,0.8099,0.65173,0.54664,0.88747,0.00167726,0.00167726,0.00167726
165,6702.91,0.84153,0.74612,1.01696,0.98722,0.95392,0.98418,0.8099,0.65173,0.54664,0.88747,0.00167528,0.00167528,0.00167528
166,6714.5,0.77351,0.579,0.92069,0.96381,0.95062,0.9822,0.80905,0.65252,0.55514,0.8873,0.0016733,0.0016733,0.0016733
167,6726.11,0.73259,0.62773,0.93232,0.96381,0.95062,0.9822,0.80905,0.65252,0.55514,0.8873,0.00167132,0.00167132,0.00167132
168,6737.8,0.92578,0.75697,0.97121,0.95982,0.96296,0.98338,0.81974,0.65534,0.56623,0.89314,0.00166934,0.00166934,0.00166934
169,6749.31,0.71396,0.60509,0.92373,0.95982,0.96296,0.98338,0.81974,0.65534,0.56623,0.89314,0.00166736,0.00166736,0.00166736
170,6760.82,0.80459,0.73912,0.96835,0.98711,0.94571,0.98633,0.80062,0.70545,0.57637,0.90375,0.00166538,0.00166538,0.00166538
171,6772.49,0.84146,0.60965,0.93502,0.98711,0.94571,0.98633,0.80062,0.70545,0.57637,0.90375,0.0016634,0.0016634,0.0016634
172,6784.28,0.73239,0.59,0.92291,0.97321,0.95062,0.97315,0.77939,0.75939,0.59267,0.92143,0.00166142,0.00166142,0.00166142
173,6795.8,0.72662,0.55977,0.90455,0.97321,0.95062,0.97315,0.77939,0.75939,0.59267,0.92143,0.00165944,0.00165944,0.00165944
174,6807.46,0.80939,0.65439,0.99127,0.97481,0.96296,0.97823,0.79345,0.74967,0.57378,0.91339,0.00165746,0.00165746,0.00165746
175,6819.07,0.85728,0.69044,0.99343,0.97481,0.96296,0.97823,0.79345,0.74967,0.57378,0.91339,0.00165548,0.00165548,0.00165548
176,6830.52,0.69837,0.61628,0.94227,0.95935,0.97531,0.97651,0.81163,0.69176,0.55365,0.89723,0.0016535,0.0016535,0.0016535
177,6842.03,0.89779,0.63641,1.00663,0.95935,0.97531,0.97651,0.81163,0.69176,0.55365,0.89723,0.00165152,0.00165152,0.00165152
178,6853.58,0.87929,0.72122,0.93849,0.98689,0.96296,0.96822,0.80783,0.68632,0.55153,0.89461,0.00164954,0.00164954,0.00164954
179,6865.18,0.79836,0.58169,0.93977,0.98689,0.96296,0.96822,0.80783,0.68632,0.55153,0.89461,0.00164756,0.00164756,0.00164756
180,6876.87,0.77047,0.65158,0.97239,0.96136,0.96296,0.97102,0.79346,0.7151,0.53768,0.89987,0.00164558,0.00164558,0.00164558
181,6888.72,0.7456,0.6339,0.93557,0.96136,0.96296,0.97102,0.79346,0.7151,0.53768,0.89987,0.0016436,0.0016436,0.0016436
182,6900.42,0.76782,0.69643,1.01351,0.94901,0.96296,0.97085,0.75371,0.81611,0.57273,0.92761,0.00164162,0.00164162,0.00164162
183,6912.54,0.75853,0.62867,0.97803,0.94901,0.96296,0.97085,0.75371,0.81611,0.57273,0.92761,0.00163964,0.00163964,0.00163964
184,6924.26,0.73928,0.64797,0.96435,0.9633,0.9723,0.9725,0.79138,0.74597,0.55756,0.90603,0.00163766,0.00163766,0.00163766
185,6936.14,0.7807,0.63618,0.97924,0.9633,0.9723,0.9725,0.79138,0.74597,0.55756,0.90603,0.00163568,0.00163568,0.00163568
186,6948.34,0.7872,0.59267,0.92536,0.94397,0.96296,0.97916,0.77774,0.75465,0.60954,0.90676,0.0016337,0.0016337,0.0016337
187,6960.87,0.84213,0.63305,0.96333,0.94397,0.96296,0.97916,0.77774,0.75465,0.60954,0.90676,0.00163172,0.00163172,0.00163172
188,6973.16,0.76997,0.65607,0.97116,0.96184,0.90123,0.97709,0.76894,0.80332,0.70305,0.9237,0.00162974,0.00162974,0.00162974
189,6985.26,0.8409,0.68482,0.95228,0.96184,0.90123,0.97709,0.76894,0.80332,0.70305,0.9237,0.00162776,0.00162776,0.00162776
190,6998.94,0.77895,0.63513,0.95473,0.93098,0.93827,0.98487,0.77584,0.77806,0.75202,0.92222,0.00162578,0.00162578,0.00162578
191,7011.73,0.75009,0.58187,0.94452,0.93098,0.93827,0.98487,0.77584,0.77806,0.75202,0.92222,0.0016238,0.0016238,0.0016238
192,7024.02,0.8689,0.75072,1.06132,0.98684,0.92555,0.98397,0.79272,0.69632,0.65267,0.90105,0.00162182,0.00162182,0.00162182
193,7035.97,0.82607,0.59853,0.98177,0.98684,0.92555,0.98397,0.79272,0.69632,0.65267,0.90105,0.00161984,0.00161984,0.00161984
194,7048.36,0.70162,0.6762,0.96446,0.99721,0.92593,0.98049,0.82669,0.62716,0.53808,0.88348,0.00161786,0.00161786,0.00161786
195,7060.6,0.78157,0.57845,0.97782,0.99721,0.92593,0.98049,0.82669,0.62716,0.53808,0.88348,0.00161588,0.00161588,0.00161588
196,7072.93,0.70257,0.57258,0.94205,0.98698,0.93568,0.98194,0.82249,0.6354,0.51418,0.8844,0.0016139,0.0016139,0.0016139
197,7085.24,0.70856,0.56797,0.94943,0.98698,0.93568,0.98194,0.82249,0.6354,0.51418,0.8844,0.00161192,0.00161192,0.00161192
198,7097.44,0.75967,0.62407,0.94824,0.975,0.95062,0.98251,0.78801,0.7676,0.56021,0.92252,0.00160994,0.00160994,0.00160994
199,7109.71,0.88241,0.6964,0.98351,0.975,0.95062,0.98251,0.78801,0.7676,0.56021,0.92252,0.00160796,0.00160796,0.00160796
200,7121.93,0.71859,0.56032,0.92383,0.96288,0.96296,0.98203,0.78354,0.76249,0.55637,0.92009,0.00160598,0.00160598,0.00160598
201,7134.19,0.7944,0.63938,0.99455,0.96288,0.96296,0.98203,0.78354,0.76249,0.55637,0.92009,0.001604,0.001604,0.001604
202,7146.68,0.77129,0.57985,0.95496,0.98715,0.95062,0.98091,0.81616,0.6461,0.54812,0.88125,0.00160202,0.00160202,0.00160202
203,7158.87,0.6825,0.58158,0.97529,0.98715,0.95062,0.98091,0.81616,0.6461,0.54812,0.88125,0.00160004,0.00160004,0.00160004
204,7171.2,0.68215,0.54871,0.94681,0.98732,0.96168,0.97355,0.83212,0.60188,0.53301,0.86958,0.00159806,0.00159806,0.00159806
205,7183.51,0.80868,0.634,0.97035,0.98732,0.96168,0.97355,0.83212,0.60188,0.53301,0.86958,0.00159608,0.00159608,0.00159608
206,7195.85,0.73428,0.58513,0.91456,0.97138,0.96296,0.97311,0.82848,0.58149,0.51462,0.86595,0.0015941,0.0015941,0.0015941
207,7208.13,0.76045,0.56208,0.91237,0.97138,0.96296,0.97311,0.82848,0.58149,0.51462,0.86595,0.00159212,0.00159212,0.00159212
208,7220.4,0.71044,0.52349,0.92802,0.98466,0.97531,0.98356,0.80026,0.68208,0.51968,0.88679,0.00159014,0.00159014,0.00159014
209,7232.59,0.76299,0.56127,0.92355,0.98466,0.97531,0.98356,0.80026,0.68208,0.51968,0.88679,0.00158816,0.00158816,0.00158816
210,7244.75,0.76169,0.58002,0.94035,0.98166,0.97531,0.98068,0.79468,0.6855,0.50627,0.88501,0.00158618,0.00158618,0.00158618
211,7257.02,0.88118,0.62392,0.98215,0.98166,0.97531,0.98068,0.79468,0.6855,0.50627,0.88501,0.0015842,0.0015842,0.0015842
212,7269.18,0.85332,0.60185,0.9919,0.98546,0.97531,0.98397,0.81793,0.6023,0.48714,0.86166,0.00158222,0.00158222,0.00158222
213,7281.39,0.7308,0.58294,0.93162,0.98546,0.97531,0.98397,0.81793,0.6023,0.48714,0.86166,0.00158024,0.00158024,0.00158024
214,7293.6,0.64928,0.49748,0.90615,0.98746,0.97241,0.99371,0.82584,0.61932,0.47294,0.86011,0.00157826,0.00157826,0.00157826
215,7305.82,0.76793,0.52559,0.94454,0.98746,0.97241,0.99371,0.82584,0.61932,0.47294,0.86011,0.00157628,0.00157628,0.00157628
216,7318.94,0.78597,0.60086,0.96041,0.98492,0.97531,0.99316,0.83761,0.60966,0.47436,0.86344,0.0015743,0.0015743,0.0015743
217,7331.65,0.59677,0.47632,0.89768,0.98492,0.97531,0.99316,0.83761,0.60966,0.47436,0.86344,0.00157232,0.00157232,0.00157232
218,7344.54,0.67609,0.53575,0.94336,0.9873,0.95956,0.99272,0.81245,0.68157,0.50093,0.8893,0.00157034,0.00157034,0.00157034
219,7358.04,0.73177,0.56759,0.95885,0.9873,0.95956,0.99272,0.81245,0.68157,0.50093,0.8893,0.00156836,0.00156836,0.00156836
220,7371.67,0.74165,0.56422,0.94577,0.98614,0.95062,0.98919,0.80207,0.70167,0.4999,0.89277,0.00156638,0.00156638,0.00156638
221,7385.32,0.7073,0.53123,0.87857,0.98614,0.95062,0.98919,0.80207,0.70167,0.4999,0.89277,0.0015644,0.0015644,0.0015644
222,7399.48,0.73228,0.59092,0.89756,0.97504,0.96457,0.98849,0.82808,0.64116,0.48854,0.87516,0.00156242,0.00156242,0.00156242
223,7412.57,0.58658,0.47274,0.88245,0.97504,0.96457,0.98849,0.82808,0.64116,0.48854,0.87516,0.00156044,0.00156044,0.00156044
224,7425.27,0.69781,0.50133,0.91764,0.97525,0.97291,0.98664,0.84318,0.59096,0.48772,0.86249,0.00155846,0.00155846,0.00155846
225,7438.16,0.70289,0.5204,0.90999,0.97525,0.97291,0.98664,0.84318,0.59096,0.48772,0.86249,0.00155648,0.00155648,0.00155648
226,7451.54,0.7263,0.50856,0.91614,0.9753,0.97481,0.98881,0.8457,0.57095,0.47498,0.85499,0.0015545,0.0015545,0.0015545
227,7464.7,0.75336,0.54933,0.937,0.9753,0.97481,0.98881,0.8457,0.57095,0.47498,0.85499,0.00155252,0.00155252,0.00155252
228,7478.08,0.65421,0.53201,0.92322,0.96891,0.96296,0.99104,0.85583,0.55125,0.47653,0.85351,0.00155054,0.00155054,0.00155054
229,7491.89,0.62386,0.50239,0.91857,0.96891,0.96296,0.99104,0.85583,0.55125,0.47653,0.85351,0.00154856,0.00154856,0.00154856
230,7505.74,0.76651,0.57964,0.95125,0.97498,0.97531,0.99133,0.84922,0.56076,0.45959,0.86062,0.00154658,0.00154658,0.00154658
231,7519.56,0.67421,0.53129,0.98087,0.97498,0.97531,0.99133,0.84922,0.56076,0.45959,0.86062,0.0015446,0.0015446,0.0015446
232,7533.47,0.68121,0.53819,0.94209,0.98747,0.97303,0.99192,0.85479,0.53321,0.45921,0.84913,0.00154262,0.00154262,0.00154262
233,7547.85,0.71159,0.55005,0.9256,0.98747,0.97303,0.99192,0.85479,0.53321,0.45921,0.84913,0.00154064,0.00154064,0.00154064
234,7562.31,0.70802,0.54616,0.94801,0.97523,0.97207,0.99264,0.87884,0.52089,0.4507,0.84331,0.00153866,0.00153866,0.00153866
235,7576.83,0.83731,0.56427,0.89768,0.97523,0.97207,0.99264,0.87884,0.52089,0.4507,0.84331,0.00153668,0.00153668,0.00153668
236,7591.27,0.70191,0.54703,0.92649,1,0.9594,0.98719,0.86597,0.55828,0.46302,0.84645,0.0015347,0.0015347,0.0015347
237,7605.94,0.71557,0.53839,0.94477,1,0.9594,0.98719,0.86597,0.55828,0.46302,0.84645,0.00153272,0.00153272,0.00153272
238,7620.37,0.66663,0.53376,0.90211,0.98115,0.97531,0.99291,0.84105,0.56507,0.46933,0.84521,0.00153074,0.00153074,0.00153074
239,7635.12,0.60057,0.4607,0.8884,0.98115,0.97531,0.99291,0.84105,0.56507,0.46933,0.84521,0.00152876,0.00152876,0.00152876
240,7649.88,0.60907,0.48659,0.91989,0.98711,0.94515,0.98812,0.85305,0.52875,0.45127,0.8372,0.00152678,0.00152678,0.00152678
241,7664.28,0.64629,0.509,0.91634,0.98711,0.94515,0.98812,0.85305,0.52875,0.45127,0.8372,0.0015248,0.0015248,0.0015248
242,7678.32,0.62454,0.53656,0.89217,1,0.94805,0.98396,0.86944,0.51175,0.44535,0.83614,0.00152282,0.00152282,0.00152282
243,7692.43,0.65038,0.59306,0.94062,1,0.94805,0.98396,0.86944,0.51175,0.44535,0.83614,0.00152084,0.00152084,0.00152084
244,7707,0.69719,0.48985,0.93905,0.98721,0.95289,0.98341,0.8667,0.50528,0.44542,0.83603,0.00151886,0.00151886,0.00151886
245,7721.11,0.71217,0.57346,0.95612,0.98721,0.95289,0.98341,0.8667,0.50528,0.44542,0.83603,0.00151688,0.00151688,0.00151688
246,7735.19,0.59529,0.48304,0.91827,0.9872,0.95188,0.99059,0.8735,0.50258,0.44051,0.8346,0.0015149,0.0015149,0.0015149
247,7749.27,0.62816,0.51314,0.89213,0.9872,0.95188,0.99059,0.8735,0.50258,0.44051,0.8346,0.00151292,0.00151292,0.00151292
248,7763.22,0.66331,0.52252,0.94247,0.99768,0.96296,0.99233,0.86273,0.5416,0.43143,0.83947,0.00151094,0.00151094,0.00151094
249,7777.15,0.69245,0.5068,0.93485,0.99768,0.96296,0.99233,0.86273,0.5416,0.43143,0.83947,0.00150896,0.00150896,0.00150896
250,7791.1,0.69596,0.52858,0.91973,0.97552,0.98409,0.98484,0.85259,0.54808,0.42352,0.84344,0.00150698,0.00150698,0.00150698
251,7805.1,0.64857,0.48273,0.92324,0.97552,0.98409,0.98484,0.85259,0.54808,0.42352,0.84344,0.001505,0.001505,0.001505
252,7819.02,0.76868,0.57137,1.00773,0.98762,0.98521,0.9851,0.86076,0.52853,0.41647,0.84203,0.00150302,0.00150302,0.00150302
253,7832.82,0.6334,0.46112,0.88023,0.98762,0.98521,0.9851,0.86076,0.52853,0.41647,0.84203,0.00150104,0.00150104,0.00150104
254,7846.84,0.67516,0.52959,0.94256,0.99784,0.96296,0.97401,0.85268,0.52925,0.41688,0.84174,0.00149906,0.00149906,0.00149906
255,7860.7,0.73548,0.53749,0.96548,0.99784,0.96296,0.97401,0.85268,0.52925,0.41688,0.84174,0.00149708,0.00149708,0.00149708
256,7874.6,0.65026,0.53419,0.90707,1,0.97022,0.97544,0.85019,0.53286,0.44246,0.8422,0.0014951,0.0014951,0.0014951
257,7888.58,0.72208,0.58324,0.96526,1,0.97022,0.97544,0.85019,0.53286,0.44246,0.8422,0.00149312,0.00149312,0.00149312
258,7902.72,0.60585,0.47243,0.9168,1,0.9982,0.995,0.86276,0.51678,0.42983,0.83686,0.00149114,0.00149114,0.00149114
259,7916.58,0.59045,0.46767,0.88771,1,0.9982,0.995,0.86276,0.51678,0.42983,0.83686,0.00148916,0.00148916,0.00148916
260,7930.54,0.58484,0.48084,0.88282,0.99993,1,0.995,0.86971,0.5333,0.42102,0.83894,0.00148718,0.00148718,0.00148718
261,7944.55,0.57786,0.45906,0.89329,0.99993,1,0.995,0.86971,0.5333,0.42102,0.83894,0.0014852,0.0014852,0.0014852
262,7958.95,0.62557,0.50219,0.91196,0.99089,1,0.995,0.86694,0.51949,0.41714,0.83644,0.00148322,0.00148322,0.00148322
263,7974.13,0.72728,0.51777,0.90276,0.99089,1,0.995,0.86694,0.51949,0.41714,0.83644,0.00148124,0.00148124,0.00148124
264,7988.49,0.57653,0.45,0.85606,0.98746,1,0.995,0.87203,0.49645,0.40843,0.83163,0.00147926,0.00147926,0.00147926
265,8002.93,0.64037,0.53375,0.92623,0.98746,1,0.995,0.87203,0.49645,0.40843,0.83163,0.00147728,0.00147728,0.00147728
266,8017.43,0.56863,0.46566,0.87103,0.99696,0.96296,0.99156,0.86608,0.51881,0.41318,0.83825,0.0014753,0.0014753,0.0014753
267,8032.08,0.62424,0.4695,0.92154,0.99696,0.96296,0.99156,0.86608,0.51881,0.41318,0.83825,0.00147332,0.00147332,0.00147332
268,8046.71,0.66672,0.48341,0.88446,0.96179,0.97531,0.98338,0.84123,0.56401,0.4292,0.85271,0.00147134,0.00147134,0.00147134
269,8060.88,0.69906,0.4822,0.88564,0.96179,0.97531,0.98338,0.84123,0.56401,0.4292,0.85271,0.00146936,0.00146936,0.00146936
270,8075.04,0.69554,0.48799,0.93578,0.96339,0.97457,0.98334,0.8425,0.56252,0.4356,0.85599,0.00146738,0.00146738,0.00146738
271,8089.35,0.60925,0.44892,0.89892,0.96339,0.97457,0.98334,0.8425,0.56252,0.4356,0.85599,0.0014654,0.0014654,0.0014654
272,8103.5,0.68454,0.46998,0.90567,0.9749,0.95889,0.98316,0.8575,0.52713,0.43631,0.8451,0.00146342,0.00146342,0.00146342
273,8117.63,0.68594,0.53935,0.91032,0.9749,0.95889,0.98316,0.8575,0.52713,0.43631,0.8451,0.00146144,0.00146144,0.00146144
274,8131.8,0.59237,0.47248,0.9137,1,0.95001,0.98381,0.8546,0.51944,0.42291,0.83846,0.00145946,0.00145946,0.00145946
275,8146.1,0.73364,0.58053,0.94868,1,0.95001,0.98381,0.8546,0.51944,0.42291,0.83846,0.00145748,0.00145748,0.00145748
276,8161.4,0.58577,0.46471,0.89453,1,0.9587,0.98452,0.85569,0.52887,0.4183,0.84047,0.0014555,0.0014555,0.0014555
277,8175.6,0.67994,0.50673,0.93761,1,0.9587,0.98452,0.85569,0.52887,0.4183,0.84047,0.00145352,0.00145352,0.00145352
278,8190,0.62244,0.46493,0.89351,0.9992,0.96296,0.98451,0.85493,0.51905,0.41468,0.83571,0.00145154,0.00145154,0.00145154
279,8204.3,0.63976,0.46959,0.88964,0.9992,0.96296,0.98451,0.85493,0.51905,0.41468,0.83571,0.00144956,0.00144956,0.00144956
280,8218.66,0.64333,0.48834,0.92521,0.9983,0.96296,0.98463,0.86711,0.48889,0.40793,0.82783,0.00144758,0.00144758,0.00144758
281,8232.8,0.58639,0.43736,0.88738,0.9983,0.96296,0.98463,0.86711,0.48889,0.40793,0.82783,0.0014456,0.0014456,0.0014456
282,8246.95,0.64985,0.50094,0.92077,0.998,0.96296,0.98462,0.87579,0.4672,0.39233,0.8213,0.00144362,0.00144362,0.00144362
283,8261.27,0.58602,0.47769,0.89826,0.998,0.96296,0.98462,0.87579,0.4672,0.39233,0.8213,0.00144164,0.00144164,0.00144164
284,8275.52,0.64094,0.45597,0.90031,0.99776,0.96296,0.98476,0.87238,0.48533,0.3962,0.82429,0.00143966,0.00143966,0.00143966
285,8289.78,0.61325,0.45152,0.89216,0.99776,0.96296,0.98476,0.87238,0.48533,0.3962,0.82429,0.00143768,0.00143768,0.00143768
286,8304.03,0.6994,0.51953,0.92068,0.99789,0.96296,0.98494,0.85829,0.51731,0.39878,0.83133,0.0014357,0.0014357,0.0014357
287,8318.14,0.62734,0.4989,0.92279,0.99789,0.96296,0.98494,0.85829,0.51731,0.39878,0.83133,0.00143372,0.00143372,0.00143372
288,8332.4,0.56735,0.44714,0.88194,0.99826,0.96296,0.99092,0.86983,0.49905,0.38094,0.83623,0.00143174,0.00143174,0.00143174
289,8346.55,0.61098,0.45797,0.89453,0.99826,0.96296,0.99092,0.86983,0.49905,0.38094,0.83623,0.00142976,0.00142976,0.00142976
290,8360.7,0.55733,0.41339,0.8499,0.99831,0.96296,0.98405,0.88125,0.473,0.37851,0.83535,0.00142778,0.00142778,0.00142778
291,8375.08,0.58652,0.42717,0.87296,0.99831,0.96296,0.98405,0.88125,0.473,0.37851,0.83535,0.0014258,0.0014258,0.0014258
292,8389.55,0.63849,0.49506,0.91988,0.98732,0.96095,0.99242,0.88246,0.46731,0.40231,0.83564,0.00142382,0.00142382,0.00142382
293,8403.86,0.60632,0.46912,0.91675,0.98732,0.96095,0.99242,0.88246,0.46731,0.40231,0.83564,0.00142184,0.00142184,0.00142184
294,8418.62,0.57344,0.43745,0.88036,0.97496,0.96158,0.99148,0.89504,0.45348,0.41041,0.83044,0.00141986,0.00141986,0.00141986
295,8432.85,0.57704,0.43646,0.86921,0.97496,0.96158,0.99148,0.89504,0.45348,0.41041,0.83044,0.00141788,0.00141788,0.00141788
296,8447.13,0.67926,0.48198,0.96772,1,0.95554,0.9919,0.88482,0.47336,0.42348,0.83426,0.0014159,0.0014159,0.0014159
297,8461.46,0.52382,0.43574,0.88426,1,0.95554,0.9919,0.88482,0.47336,0.42348,0.83426,0.00141392,0.00141392,0.00141392
298,8475.81,0.6553,0.5111,0.93005,0.96363,0.98141,0.98485,0.87315,0.47202,0.39883,0.82934,0.00141194,0.00141194,0.00141194
299,8490.79,0.57683,0.45753,0.85789,0.96363,0.98141,0.98485,0.87315,0.47202,0.39883,0.82934,0.00140996,0.00140996,0.00140996
300,8505.89,0.57025,0.47695,0.86982,0.96444,0.96296,0.98198,0.88339,0.45659,0.3903,0.82324,0.00140798,0.00140798,0.00140798
301,8520.37,0.60763,0.4668,0.93057,0.96444,0.96296,0.98198,0.88339,0.45659,0.3903,0.82324,0.001406,0.001406,0.001406
302,8535.03,0.57172,0.46011,0.93857,0.95991,0.96296,0.97696,0.87565,0.48225,0.39706,0.8289,0.00140402,0.00140402,0.00140402
303,8549.54,0.63265,0.47772,0.95061,0.95991,0.96296,0.97696,0.87565,0.48225,0.39706,0.8289,0.00140204,0.00140204,0.00140204
304,8564.29,0.56908,0.43091,0.88628,0.97951,0.96296,0.98748,0.87345,0.49673,0.38147,0.83279,0.00140006,0.00140006,0.00140006
305,8578.98,0.64803,0.49948,0.94046,0.97951,0.96296,0.98748,0.87345,0.49673,0.38147,0.83279,0.00139808,0.00139808,0.00139808
306,8593.54,0.7107,0.57932,0.90655,1,0.97387,0.99464,0.87728,0.50284,0.38098,0.83339,0.0013961,0.0013961,0.0013961
307,8607.98,0.57287,0.44444,0.88167,1,0.97387,0.99464,0.87728,0.50284,0.38098,0.83339,0.00139412,0.00139412,0.00139412
308,8622.69,0.5594,0.44366,0.90131,1,0.99753,0.995,0.86942,0.51494,0.385,0.83626,0.00139214,0.00139214,0.00139214
309,8637.31,0.67398,0.47717,0.92241,1,0.99753,0.995,0.86942,0.51494,0.385,0.83626,0.00139016,0.00139016,0.00139016
310,8651.75,0.54627,0.45115,0.89963,1,0.99655,0.995,0.85785,0.53802,0.38239,0.84192,0.00138818,0.00138818,0.00138818
311,8666.14,0.56443,0.4486,0.92455,1,0.99655,0.995,0.85785,0.53802,0.38239,0.84192,0.0013862,0.0013862,0.0013862
312,8680.56,0.58831,0.45414,0.91784,0.98537,0.98765,0.99451,0.86677,0.49838,0.38167,0.8322,0.00138422,0.00138422,0.00138422
313,8694.8,0.63564,0.471,0.87211,0.98537,0.98765,0.99451,0.86677,0.49838,0.38167,0.8322,0.00138224,0.00138224,0.00138224
314,8709.03,0.67705,0.57032,0.9744,0.99704,0.96296,0.98616,0.88736,0.46128,0.36845,0.82299,0.00138026,0.00138026,0.00138026
315,8723.37,0.64291,0.48951,0.90393,0.99704,0.96296,0.98616,0.88736,0.46128,0.36845,0.82299,0.00137828,0.00137828,0.00137828
316,8737.83,0.58906,0.43892,0.90475,0.97555,0.98538,0.98716,0.88971,0.45509,0.36604,0.81951,0.0013763,0.0013763,0.0013763
317,8752.49,0.61509,0.46292,0.90658,0.97555,0.98538,0.98716,0.88971,0.45509,0.36604,0.81951,0.00137432,0.00137432,0.00137432
318,8767.06,0.5645,0.42707,0.87434,0.97553,0.9845,0.98772,0.89224,0.46467,0.36061,0.82305,0.00137234,0.00137234,0.00137234
319,8781.45,0.52445,0.43419,0.88152,0.97553,0.9845,0.98772,0.89224,0.46467,0.36061,0.82305,0.00137036,0.00137036,0.00137036
320,8795.89,0.55374,0.44972,0.87914,0.99806,0.95062,0.98735,0.89579,0.48181,0.35885,0.82985,0.00136838,0.00136838,0.00136838
321,8810.47,0.58925,0.46868,0.90859,0.99806,0.95062,0.98735,0.89579,0.48181,0.35885,0.82985,0.0013664,0.0013664,0.0013664
322,8825.01,0.52887,0.43153,0.87268,0.94098,0.98417,0.99018,0.88978,0.47024,0.37876,0.82617,0.00136442,0.00136442,0.00136442
323,8839.46,0.55376,0.45328,0.90639,0.94098,0.98417,0.99018,0.88978,0.47024,0.37876,0.82617,0.00136244,0.00136244,0.00136244
324,8853.89,0.56988,0.44802,0.8677,0.95049,0.94808,0.98533,0.89154,0.47007,0.39718,0.82279,0.00136046,0.00136046,0.00136046
325,8868.35,0.60945,0.45779,0.88146,0.95049,0.94808,0.98533,0.89154,0.47007,0.39718,0.82279,0.00135848,0.00135848,0.00135848
326,8882.83,0.63464,0.49264,0.92483,0.88697,0.98765,0.98089,0.88348,0.46746,0.41717,0.82151,0.0013565,0.0013565,0.0013565
327,8897.08,0.60515,0.4808,0.90164,0.88697,0.98765,0.98089,0.88348,0.46746,0.41717,0.82151,0.00135452,0.00135452,0.00135452
328,8911.54,0.6238,0.46529,0.89181,0.94912,0.92128,0.97906,0.88212,0.49062,0.42138,0.82232,0.00135254,0.00135254,0.00135254
329,8925.98,0.68826,0.53262,0.95204,0.94912,0.92128,0.97906,0.88212,0.49062,0.42138,0.82232,0.00135056,0.00135056,0.00135056
330,8940.73,0.5909,0.47179,0.90555,0.9382,0.93716,0.9765,0.87699,0.48492,0.41809,0.82211,0.00134858,0.00134858,0.00134858
331,8955.25,0.54811,0.46225,0.87218,0.9382,0.93716,0.9765,0.87699,0.48492,0.41809,0.82211,0.0013466,0.0013466,0.0013466
332,8969.9,0.5745,0.42465,0.8813,0.92932,0.98765,0.98641,0.88853,0.4547,0.39297,0.81879,0.00134462,0.00134462,0.00134462
333,8984.85,0.65664,0.45206,0.89534,0.92932,0.98765,0.98641,0.88853,0.4547,0.39297,0.81879,0.00134264,0.00134264,0.00134264
334,8999.88,0.55414,0.46982,0.90448,0.93964,0.98765,0.99128,0.8992,0.45625,0.3794,0.81959,0.00134066,0.00134066,0.00134066
335,9014.47,0.56447,0.47875,0.90892,0.93964,0.98765,0.99128,0.8992,0.45625,0.3794,0.81959,0.00133868,0.00133868,0.00133868
336,9029,0.66998,0.52563,0.97883,0.98072,0.97531,0.99394,0.89974,0.46868,0.35628,0.82228,0.0013367,0.0013367,0.0013367
337,9043.66,0.67352,0.50275,0.89395,0.98072,0.97531,0.99394,0.89974,0.46868,0.35628,0.82228,0.00133472,0.00133472,0.00133472
338,9058.48,0.61683,0.44319,0.87958,1,0.95993,0.99427,0.88469,0.50441,0.36751,0.82999,0.00133274,0.00133274,0.00133274
339,9073.41,0.59465,0.45131,0.88429,1,0.95993,0.99427,0.88469,0.50441,0.36751,0.82999,0.00133076,0.00133076,0.00133076
340,9088.11,0.57272,0.45078,0.90239,1,0.96026,0.99405,0.88144,0.5052,0.37434,0.83117,0.00132878,0.00132878,0.00132878
341,9102.98,0.63314,0.4346,0.87028,1,0.96026,0.99405,0.88144,0.5052,0.37434,0.83117,0.0013268,0.0013268,0.0013268
342,9117.8,0.62058,0.46715,0.90612,0.96422,0.99815,0.99427,0.89537,0.48825,0.37953,0.82997,0.00132482,0.00132482,0.00132482
343,9132.56,0.52959,0.41807,0.85,0.96422,0.99815,0.99427,0.89537,0.48825,0.37953,0.82997,0.00132284,0.00132284,0.00132284
344,9147.28,0.56352,0.44473,0.89333,0.96423,0.99833,0.99416,0.89059,0.46975,0.37618,0.82815,0.00132086,0.00132086,0.00132086
345,9161.96,0.55853,0.393,0.88231,0.96423,0.99833,0.99416,0.89059,0.46975,0.37618,0.82815,0.00131888,0.00131888,0.00131888
346,9176.65,0.58714,0.4374,0.87899,1,0.96075,0.99416,0.90091,0.45486,0.37915,0.82301,0.0013169,0.0013169,0.0013169
347,9191.24,0.57207,0.43303,0.88508,1,0.96075,0.99416,0.90091,0.45486,0.37915,0.82301,0.00131492,0.00131492,0.00131492
348,9206.1,0.64042,0.54346,1.01746,0.96163,1,0.99427,0.90333,0.44302,0.37035,0.81884,0.00131294,0.00131294,0.00131294
349,9220.58,0.63106,0.46781,0.9116,0.96163,1,0.99427,0.90333,0.44302,0.37035,0.81884,0.00131096,0.00131096,0.00131096
350,9235.2,0.54841,0.42791,0.91575,0.97062,1,0.99439,0.89988,0.45079,0.36724,0.82092,0.00130898,0.00130898,0.00130898
351,9249.92,0.50491,0.41749,0.86822,0.97062,1,0.99439,0.89988,0.45079,0.36724,0.82092,0.001307,0.001307,0.001307
352,9264.36,0.60877,0.4643,0.87509,0.97156,1,0.99439,0.8953,0.48217,0.36737,0.8246,0.00130502,0.00130502,0.00130502
353,9278.71,0.58685,0.44453,0.89056,0.97156,1,0.99439,0.8953,0.48217,0.36737,0.8246,0.00130304,0.00130304,0.00130304
354,9293.15,0.56517,0.43424,0.89439,0.98746,0.97216,0.99404,0.90519,0.46629,0.36447,0.81996,0.00130106,0.00130106,0.00130106
355,9307.57,0.57883,0.47536,0.90805,0.98746,0.97216,0.99404,0.90519,0.46629,0.36447,0.81996,0.00129908,0.00129908,0.00129908
356,9322.08,0.6411,0.47619,0.88236,0.98497,0.96296,0.99194,0.89641,0.46838,0.37366,0.82268,0.0012971,0.0012971,0.0012971
357,9336.45,0.60866,0.43784,0.88208,0.98497,0.96296,0.99194,0.89641,0.46838,0.37366,0.82268,0.00129512,0.00129512,0.00129512
358,9351.13,0.53694,0.44213,0.90749,0.96566,0.97531,0.99228,0.88632,0.48101,0.36737,0.82557,0.00129314,0.00129314,0.00129314
359,9365.33,0.62464,0.4549,0.92974,0.96566,0.97531,0.99228,0.88632,0.48101,0.36737,0.82557,0.00129116,0.00129116,0.00129116
360,9379.49,0.56911,0.43871,0.85334,0.98685,0.98765,0.99464,0.89052,0.45299,0.35131,0.82077,0.00128918,0.00128918,0.00128918
361,9393.87,0.56488,0.43632,0.89613,0.98685,0.98765,0.99464,0.89052,0.45299,0.35131,0.82077,0.0012872,0.0012872,0.0012872
362,9408.04,0.59591,0.42973,0.89605,0.98761,0.97531,0.99452,0.8968,0.44496,0.351,0.81929,0.00128522,0.00128522,0.00128522
363,9422.38,0.59002,0.42278,0.91788,0.98761,0.97531,0.99452,0.8968,0.44496,0.351,0.81929,0.00128324,0.00128324,0.00128324
364,9437.12,0.6371,0.47469,0.91334,1,0.97416,0.99429,0.90147,0.43169,0.35509,0.81583,0.00128126,0.00128126,0.00128126
365,9451.84,0.64002,0.4732,0.93992,1,0.97416,0.99429,0.90147,0.43169,0.35509,0.81583,0.00127928,0.00127928,0.00127928
366,9466.38,0.56861,0.43151,0.88638,0.99851,0.98765,0.99464,0.90613,0.42673,0.35645,0.81561,0.0012773,0.0012773,0.0012773
367,9481.21,0.50072,0.41025,0.85244,0.99851,0.98765,0.99464,0.90613,0.42673,0.35645,0.81561,0.00127532,0.00127532,0.00127532
368,9496.04,0.65649,0.48749,0.9392,1,0.98484,0.99476,0.89921,0.44774,0.36208,0.81873,0.00127334,0.00127334,0.00127334
369,9510.43,0.57219,0.48468,0.91202,1,0.98484,0.99476,0.89921,0.44774,0.36208,0.81873,0.00127136,0.00127136,0.00127136
370,9525.08,0.59062,0.45599,0.87616,1,0.98371,0.99464,0.90128,0.42335,0.35348,0.81353,0.00126938,0.00126938,0.00126938
371,9539.68,0.60644,0.46363,0.89199,1,0.98371,0.99464,0.90128,0.42335,0.35348,0.81353,0.0012674,0.0012674,0.0012674
372,9554.27,0.55671,0.42845,0.91706,0.98765,0.98705,0.99464,0.90248,0.43457,0.35412,0.81525,0.00126542,0.00126542,0.00126542
373,9568.95,0.55424,0.43036,0.89099,0.98765,0.98705,0.99464,0.90248,0.43457,0.35412,0.81525,0.00126344,0.00126344,0.00126344
374,9584.27,0.57939,0.41995,0.89315,1,0.97133,0.9944,0.89482,0.44352,0.35202,0.81941,0.00126146,0.00126146,0.00126146
375,9598.88,0.57495,0.42596,0.91718,1,0.97133,0.9944,0.89482,0.44352,0.35202,0.81941,0.00125948,0.00125948,0.00125948
376,9613.8,0.55651,0.41466,0.85926,1,0.96236,0.99416,0.89738,0.43492,0.35311,0.81667,0.0012575,0.0012575,0.0012575
377,9628.41,0.64806,0.4719,0.94758,1,0.96236,0.99416,0.89738,0.43492,0.35311,0.81667,0.00125552,0.00125552,0.00125552
378,9642.96,0.61394,0.42886,0.89139,1,0.97493,0.99417,0.89478,0.42603,0.34908,0.81555,0.00125354,0.00125354,0.00125354
379,9657.42,0.52657,0.39192,0.86553,1,0.97493,0.99417,0.89478,0.42603,0.34908,0.81555,0.00125156,0.00125156,0.00125156
380,9671.73,0.52337,0.40232,0.88808,0.98764,0.98612,0.99441,0.90371,0.40217,0.34089,0.81283,0.00124958,0.00124958,0.00124958
381,9686.04,0.59079,0.4397,0.90144,0.98764,0.98612,0.99441,0.90371,0.40217,0.34089,0.81283,0.0012476,0.0012476,0.0012476
382,9700.26,0.5881,0.41718,0.854,0.98474,0.96296,0.99368,0.90432,0.42248,0.3561,0.81631,0.00124562,0.00124562,0.00124562
383,9714.58,0.58303,0.43056,0.89065,0.98474,0.96296,0.99368,0.90432,0.42248,0.3561,0.81631,0.00124364,0.00124364,0.00124364
384,9729.4,0.55172,0.46334,0.88998,0.97396,0.98765,0.99427,0.90852,0.42762,0.35189,0.81838,0.00124166,0.00124166,0.00124166
385,9744.01,0.60356,0.46436,0.90552,0.97396,0.98765,0.99427,0.90852,0.42762,0.35189,0.81838,0.00123968,0.00123968,0.00123968
386,9758.54,0.61137,0.47906,0.94765,0.98692,0.98765,0.9944,0.90916,0.41543,0.34506,0.81491,0.0012377,0.0012377,0.0012377
387,9773,0.53358,0.40579,0.91292,0.98692,0.98765,0.9944,0.90916,0.41543,0.34506,0.81491,0.00123572,0.00123572,0.00123572
388,9787.37,0.53464,0.42464,0.86227,1,0.96129,0.99214,0.90751,0.417,0.35981,0.81733,0.00123374,0.00123374,0.00123374
389,9801.42,0.5165,0.3942,0.86135,1,0.96129,0.99214,0.90751,0.417,0.35981,0.81733,0.00123176,0.00123176,0.00123176
390,9815.68,0.57521,0.43198,0.90059,0.99953,0.96296,0.99121,0.89592,0.41873,0.38469,0.82,0.00122978,0.00122978,0.00122978
391,9830.06,0.55847,0.3971,0.83125,0.99953,0.96296,0.99121,0.89592,0.41873,0.38469,0.82,0.0012278,0.0012278,0.0012278
392,9844.38,0.56311,0.3857,0.84778,1,0.96149,0.98808,0.90139,0.42656,0.45559,0.82286,0.00122582,0.00122582,0.00122582
393,9858.43,0.53088,0.37233,0.81642,1,0.96149,0.98808,0.90139,0.42656,0.45559,0.82286,0.00122384,0.00122384,0.00122384
394,9872.57,0.59469,0.46198,0.91245,1,0.9593,0.99131,0.90383,0.4072,0.46206,0.82099,0.00122186,0.00122186,0.00122186
395,9886.52,0.52491,0.47734,0.92536,1,0.9593,0.99131,0.90383,0.4072,0.46206,0.82099,0.00121988,0.00121988,0.00121988
396,9901.27,0.45545,0.38849,0.85035,1,0.9595,0.99209,0.89955,0.41144,0.40563,0.82001,0.0012179,0.0012179,0.0012179
397,9915.73,0.54531,0.38913,0.87543,1,0.9595,0.99209,0.89955,0.41144,0.40563,0.82001,0.00121592,0.00121592,0.00121592
398,9930.26,0.52958,0.37251,0.85746,0.99754,0.95062,0.99283,0.89717,0.42004,0.37519,0.81911,0.00121394,0.00121394,0.00121394
399,9944.64,0.57218,0.44616,0.89253,0.99754,0.95062,0.99283,0.89717,0.42004,0.37519,0.81911,0.00121196,0.00121196,0.00121196
400,9958.85,0.55461,0.42445,0.86462,0.9744,0.97531,0.99292,0.89544,0.4308,0.36951,0.82001,0.00120998,0.00120998,0.00120998
401,9973.24,0.58718,0.43779,0.87772,0.9744,0.97531,0.99292,0.89544,0.4308,0.36951,0.82001,0.001208,0.001208,0.001208
402,9987.58,0.57074,0.43729,0.87023,0.97523,0.97531,0.99369,0.88632,0.43948,0.36472,0.8218,0.00120602,0.00120602,0.00120602
403,10001.9,0.52701,0.41522,0.86235,0.97523,0.97531,0.99369,0.88632,0.43948,0.36472,0.8218,0.00120404,0.00120404,0.00120404
404,10016.3,0.58673,0.45883,0.89281,1,0.96229,0.99416,0.89735,0.4306,0.35355,0.81502,0.00120206,0.00120206,0.00120206
405,10030.8,0.51992,0.4226,0.88941,1,0.96229,0.99416,0.89735,0.4306,0.35355,0.81502,0.00120008,0.00120008,0.00120008
406,10045.6,0.52932,0.4243,0.88,0.96306,1,0.99404,0.90312,0.43927,0.35408,0.81182,0.0011981,0.0011981,0.0011981
407,10060.2,0.55012,0.41171,0.88126,0.96306,1,0.99404,0.90312,0.43927,0.35408,0.81182,0.00119612,0.00119612,0.00119612
408,10075,0.52047,0.42733,0.85244,0.98775,0.99568,0.99476,0.90587,0.44413,0.34639,0.81262,0.00119414,0.00119414,0.00119414
409,10089.5,0.55857,0.4119,0.87715,0.98775,0.99568,0.99476,0.90587,0.44413,0.34639,0.81262,0.00119216,0.00119216,0.00119216
410,10103.9,0.5321,0.41796,0.88753,0.98778,0.99826,0.99476,0.90631,0.42742,0.33653,0.80988,0.00119018,0.00119018,0.00119018
411,10118.3,0.55558,0.45069,0.87312,0.98778,0.99826,0.99476,0.90631,0.42742,0.33653,0.80988,0.0011882,0.0011882,0.0011882
412,10132.8,0.53806,0.39564,0.86898,0.9751,1,0.99476,0.8995,0.44461,0.34549,0.81303,0.00118622,0.00118622,0.00118622
413,10147.4,0.56507,0.42968,0.87537,0.9751,1,0.99476,0.8995,0.44461,0.34549,0.81303,0.00118424,0.00118424,0.00118424
414,10161.9,0.54321,0.40342,0.85852,0.97147,1,0.99439,0.9082,0.437,0.3496,0.81081,0.00118226,0.00118226,0.00118226
415,10176.5,0.5432,0.48458,0.93417,0.97147,1,0.99439,0.9082,0.437,0.3496,0.81081,0.00118028,0.00118028,0.00118028
416,10191.3,0.49853,0.37809,0.88178,0.97136,1,0.99402,0.91021,0.4184,0.34449,0.80764,0.0011783,0.0011783,0.0011783
417,10206.2,0.53945,0.38168,0.84687,0.97136,1,0.99402,0.91021,0.4184,0.34449,0.80764,0.00117632,0.00117632,0.00117632
418,10221,0.53363,0.41465,0.89043,0.9718,1,0.9939,0.90377,0.42444,0.34075,0.80958,0.00117434,0.00117434,0.00117434
419,10235.5,0.54942,0.41499,0.87908,0.9718,1,0.9939,0.90377,0.42444,0.34075,0.80958,0.00117236,0.00117236,0.00117236
420,10250.1,0.50888,0.38924,0.85931,0.97061,1,0.99428,0.90827,0.42611,0.3295,0.81218,0.00117038,0.00117038,0.00117038
421,10264.8,0.54864,0.39285,0.866,0.97061,1,0.99428,0.90827,0.42611,0.3295,0.81218,0.0011684,0.0011684,0.0011684
422,10279.5,0.49716,0.40353,0.867,0.96241,1,0.99404,0.90746,0.44098,0.3396,0.81743,0.00116642,0.00116642,0.00116642
423,10294,0.51391,0.39677,0.86797,0.96241,1,0.99404,0.90746,0.44098,0.3396,0.81743,0.00116444,0.00116444,0.00116444
424,10308.7,0.60367,0.43783,0.86834,0.97441,1,0.99428,0.89372,0.46505,0.33873,0.82588,0.00116246,0.00116246,0.00116246
425,10323.4,0.52758,0.42806,0.89093,0.97441,1,0.99428,0.89372,0.46505,0.33873,0.82588,0.00116048,0.00116048,0.00116048
426,10338,0.53857,0.40047,0.88413,0.98779,0.9985,0.99463,0.89269,0.44592,0.34027,0.82513,0.0011585,0.0011585,0.0011585
427,10352.6,0.52614,0.40497,0.88076,0.98779,0.9985,0.99463,0.89269,0.44592,0.34027,0.82513,0.00115652,0.00115652,0.00115652
428,10367.2,0.49879,0.40455,0.92057,0.98742,1,0.99463,0.90298,0.43098,0.33422,0.81724,0.00115454,0.00115454,0.00115454
429,10381.8,0.50829,0.42889,0.87403,0.98742,1,0.99463,0.90298,0.43098,0.33422,0.81724,0.00115256,0.00115256,0.00115256
430,10396.6,0.5635,0.41364,0.87234,0.98733,1,0.99463,0.89289,0.43951,0.34301,0.81767,0.00115058,0.00115058,0.00115058
431,10411.6,0.47775,0.3712,0.8603,0.98733,1,0.99463,0.89289,0.43951,0.34301,0.81767,0.0011486,0.0011486,0.0011486
432,10426.8,0.53317,0.40053,0.8369,0.98777,0.9974,0.99463,0.89623,0.4403,0.33633,0.81643,0.00114662,0.00114662,0.00114662
433,10441.8,0.52903,0.37221,0.85313,0.98777,0.9974,0.99463,0.89623,0.4403,0.33633,0.81643,0.00114464,0.00114464,0.00114464
434,10456.6,0.50271,0.40272,0.87916,0.97579,0.99504,0.99439,0.90033,0.43792,0.33679,0.81392,0.00114266,0.00114266,0.00114266
435,10471.3,0.6028,0.41433,0.87765,0.97579,0.99504,0.99439,0.90033,0.43792,0.33679,0.81392,0.00114068,0.00114068,0.00114068
436,10486.3,0.59355,0.40101,0.86145,0.99816,0.96296,0.99427,0.90514,0.4269,0.32872,0.8122,0.0011387,0.0011387,0.0011387
437,10501,0.49313,0.37254,0.87056,0.99816,0.96296,0.99427,0.90514,0.4269,0.32872,0.8122,0.00113672,0.00113672,0.00113672
438,10515.7,0.50534,0.39081,0.86699,1,0.97327,0.99452,0.9016,0.44116,0.33581,0.81265,0.00113474,0.00113474,0.00113474
439,10530.2,0.47722,0.37989,0.86371,1,0.97327,0.99452,0.9016,0.44116,0.33581,0.81265,0.00113276,0.00113276,0.00113276
440,10545.4,0.55015,0.39967,0.87644,1,0.97322,0.99464,0.88772,0.45542,0.33105,0.81366,0.00113078,0.00113078,0.00113078
441,10560.2,0.57132,0.40965,0.8622,1,0.97322,0.99464,0.88772,0.45542,0.33105,0.81366,0.0011288,0.0011288,0.0011288
442,10574.9,0.57689,0.40795,0.88719,1,0.97849,0.99476,0.90402,0.43403,0.33439,0.812,0.00112682,0.00112682,0.00112682
443,10589.5,0.49351,0.36433,0.8687,1,0.97849,0.99476,0.90402,0.43403,0.33439,0.812,0.00112484,0.00112484,0.00112484
444,10604.2,0.51409,0.42993,0.88474,0.99756,0.98765,0.99476,0.90947,0.39805,0.31322,0.80793,0.00112286,0.00112286,0.00112286
445,10618.8,0.52708,0.39384,0.881,0.99756,0.98765,0.99476,0.90947,0.39805,0.31322,0.80793,0.00112088,0.00112088,0.00112088
446,10633.8,0.53575,0.39451,0.85347,0.98776,0.99645,0.99488,0.91131,0.38638,0.31326,0.8053,0.0011189,0.0011189,0.0011189
447,10648.5,0.51376,0.37681,0.8327,0.98776,0.99645,0.99488,0.91131,0.38638,0.31326,0.8053,0.00111692,0.00111692,0.00111692
448,10664.5,0.56135,0.39596,0.8572,0.98777,0.99738,0.99488,0.91551,0.38522,0.31345,0.80432,0.00111494,0.00111494,0.00111494
449,10679.6,0.45824,0.37005,0.82114,0.98777,0.99738,0.99488,0.91551,0.38522,0.31345,0.80432,0.00111296,0.00111296,0.00111296
450,10694.3,0.45344,0.3733,0.82952,0.98762,1,0.99488,0.90844,0.40759,0.32166,0.80679,0.00111098,0.00111098,0.00111098
451,10709,0.50922,0.36424,0.86259,0.98762,1,0.99488,0.90844,0.40759,0.32166,0.80679,0.001109,0.001109,0.001109
452,10723.5,0.48795,0.39407,0.87725,0.98577,1,0.99488,0.90833,0.40736,0.31411,0.80625,0.00110702,0.00110702,0.00110702
453,10738.5,0.44341,0.37123,0.87547,0.98577,1,0.99488,0.90833,0.40736,0.31411,0.80625,0.00110504,0.00110504,0.00110504
454,10753.2,0.5105,0.37495,0.86787,0.98575,1,0.99476,0.9174,0.38764,0.31161,0.80354,0.00110306,0.00110306,0.00110306
455,10767.8,0.52778,0.39866,0.87159,0.98575,1,0.99476,0.9174,0.38764,0.31161,0.80354,0.00110108,0.00110108,0.00110108
456,10782.6,0.4932,0.36491,0.86931,0.98382,1,0.99463,0.91371,0.39801,0.30577,0.80526,0.0010991,0.0010991,0.0010991
457,10797.3,0.53116,0.38036,0.85794,0.98382,1,0.99463,0.91371,0.39801,0.30577,0.80526,0.00109712,0.00109712,0.00109712
458,10812,0.52151,0.3846,0.85231,0.98764,0.98688,0.99463,0.91824,0.39348,0.29911,0.80462,0.00109514,0.00109514,0.00109514
459,10826.6,0.5623,0.41855,0.86917,0.98764,0.98688,0.99463,0.91824,0.39348,0.29911,0.80462,0.00109316,0.00109316,0.00109316
460,10841.2,0.50323,0.35993,0.83831,1,0.97155,0.99452,0.91279,0.40147,0.30302,0.80368,0.00109118,0.00109118,0.00109118
461,10855.7,0.57852,0.3876,0.89099,1,0.97155,0.99452,0.91279,0.40147,0.30302,0.80368,0.0010892,0.0010892,0.0010892
462,10870.2,0.4704,0.35386,0.833,1,0.97525,0.99476,0.91124,0.40001,0.30754,0.80116,0.00108722,0.00108722,0.00108722
463,10885,0.56611,0.44319,0.86826,1,0.97525,0.99476,0.91124,0.40001,0.30754,0.80116,0.00108524,0.00108524,0.00108524
464,10899.6,0.55253,0.41958,0.87862,0.98778,0.99759,0.99488,0.92004,0.3856,0.30696,0.79994,0.00108326,0.00108326,0.00108326
465,10915.9,0.51753,0.43687,0.9111,0.98778,0.99759,0.99488,0.92004,0.3856,0.30696,0.79994,0.00108128,0.00108128,0.00108128
466,11116.8,0.5574,0.39232,0.89669,1,0.99662,0.995,0.91635,0.38974,0.30787,0.80151,0.0010793,0.0010793,0.0010793
467,11130.3,0.53717,0.39983,0.88285,1,0.99662,0.995,0.91635,0.38974,0.30787,0.80151,0.00107732,0.00107732,0.00107732
468,11141.9,0.57591,0.41802,0.90828,0.98453,1,0.99488,0.92408,0.3907,0.31349,0.80063,0.00107534,0.00107534,0.00107534
469,11153.8,0.47678,0.34728,0.85958,0.98453,1,0.99488,0.92408,0.3907,0.31349,0.80063,0.00107336,0.00107336,0.00107336
470,11165.6,0.55043,0.40981,0.87945,1,0.99694,0.995,0.91885,0.3795,0.30761,0.79874,0.00107138,0.00107138,0.00107138
471,11177.3,0.44022,0.35617,0.86059,1,0.99694,0.995,0.91885,0.3795,0.30761,0.79874,0.0010694,0.0010694,0.0010694
472,11189.1,0.50351,0.36972,0.85142,1,0.99879,0.995,0.912,0.38233,0.30677,0.79925,0.00106742,0.00106742,0.00106742
473,11200.7,0.55412,0.40394,0.87039,1,0.99879,0.995,0.912,0.38233,0.30677,0.79925,0.00106544,0.00106544,0.00106544
474,11212.4,0.54993,0.38453,0.86381,0.98764,0.98661,0.99365,0.90712,0.38478,0.30532,0.80137,0.00106346,0.00106346,0.00106346
475,11224.2,0.5289,0.39658,0.86255,0.98764,0.98661,0.99365,0.90712,0.38478,0.30532,0.80137,0.00106148,0.00106148,0.00106148
476,11236.3,0.54406,0.39483,0.88356,0.98765,0.98714,0.99375,0.90896,0.3869,0.30678,0.80394,0.0010595,0.0010595,0.0010595
477,11248,0.49877,0.35898,0.85285,0.98765,0.98714,0.99375,0.90896,0.3869,0.30678,0.80394,0.00105752,0.00105752,0.00105752
478,11260.4,0.47601,0.39438,0.86254,0.98765,0.98739,0.99365,0.91621,0.38242,0.31565,0.80316,0.00105554,0.00105554,0.00105554
479,11272.2,0.47734,0.37169,0.83667,0.98765,0.98739,0.99365,0.91621,0.38242,0.31565,0.80316,0.00105356,0.00105356,0.00105356
480,11284.5,0.51107,0.38694,0.85873,0.98763,0.98578,0.99346,0.91716,0.38478,0.31142,0.80156,0.00105158,0.00105158,0.00105158
481,11296.8,0.51575,0.39209,0.87022,0.98763,0.98578,0.99346,0.91716,0.38478,0.31142,0.80156,0.0010496,0.0010496,0.0010496
482,11308.8,0.4605,0.37776,0.87562,0.98538,1,0.99488,0.92381,0.38677,0.31028,0.80087,0.00104762,0.00104762,0.00104762
483,11321.1,0.50195,0.36804,0.88855,0.98538,1,0.99488,0.92381,0.38677,0.31028,0.80087,0.00104564,0.00104564,0.00104564
484,11333.2,0.44975,0.34654,0.84878,0.97537,0.98765,0.98742,0.92044,0.37724,0.3034,0.79763,0.00104366,0.00104366,0.00104366
485,11345.5,0.45737,0.3519,0.8595,0.97537,0.98765,0.98742,0.92044,0.37724,0.3034,0.79763,0.00104168,0.00104168,0.00104168
486,11358,0.51239,0.38492,0.89308,1,0.97071,0.98726,0.93397,0.36685,0.3003,0.79506,0.0010397,0.0010397,0.0010397
487,11370.4,0.48067,0.40173,0.84855,1,0.97071,0.98726,0.93397,0.36685,0.3003,0.79506,0.00103772,0.00103772,0.00103772
488,11386.3,0.46127,0.37587,0.85805,1,0.98435,0.99476,0.93484,0.35977,0.29976,0.79425,0.00103574,0.00103574,0.00103574
489,11427.3,0.43649,0.37698,0.86995,1,0.98435,0.99476,0.93484,0.35977,0.29976,0.79425,0.00103376,0.00103376,0.00103376
490,11448.9,0.46332,0.34825,0.84666,0.99316,0.98765,0.99488,0.92483,0.37327,0.30626,0.79757,0.00103178,0.00103178,0.00103178
491,11461.6,0.52927,0.42727,0.90366,0.99316,0.98765,0.99488,0.92483,0.37327,0.30626,0.79757,0.0010298,0.0010298,0.0010298
492,11474.7,0.52643,0.38128,0.87616,1,0.99795,0.995,0.92673,0.37391,0.31009,0.79884,0.00102782,0.00102782,0.00102782
493,11487.8,0.47414,0.35919,0.86691,1,0.99795,0.995,0.92673,0.37391,0.31009,0.79884,0.00102584,0.00102584,0.00102584
494,11501,0.54541,0.43911,0.87722,0.99438,1,0.995,0.9251,0.36843,0.30063,0.79825,0.00102386,0.00102386,0.00102386
495,11514.3,0.52246,0.39164,0.93931,0.99438,1,0.995,0.9251,0.36843,0.30063,0.79825,0.00102188,0.00102188,0.00102188
496,11527.9,0.436,0.33731,0.83303,0.99651,1,0.995,0.9316,0.36729,0.29686,0.79745,0.0010199,0.0010199,0.0010199
497,11541.6,0.46669,0.352,0.86041,0.99651,1,0.995,0.9316,0.36729,0.29686,0.79745,0.00101792,0.00101792,0.00101792
498,11555.8,0.47064,0.36047,0.81818,1,0.99922,0.995,0.93391,0.36108,0.2918,0.79708,0.00101594,0.00101594,0.00101594
499,11569.9,0.46065,0.36004,0.85368,1,0.99922,0.995,0.93391,0.36108,0.2918,0.79708,0.00101396,0.00101396,0.00101396
500,11584.4,0.53155,0.42942,0.90356,0.98767,0.98858,0.99488,0.93054,0.35724,0.29375,0.79734,0.00101198,0.00101198,0.00101198
501,11598.8,0.46409,0.35369,0.84559,0.98767,0.98858,0.99488,0.93054,0.35724,0.29375,0.79734,0.00101,0.00101,0.00101
502,11614.3,0.47599,0.34067,0.84831,0.9877,0.99149,0.99488,0.93637,0.34776,0.29777,0.79558,0.00100802,0.00100802,0.00100802
503,11629.5,0.45962,0.36901,0.85886,0.9877,0.99149,0.99488,0.93637,0.34776,0.29777,0.79558,0.00100604,0.00100604,0.00100604
504,11644.2,0.45347,0.36808,0.84386,0.98777,0.99695,0.99488,0.93817,0.35778,0.30324,0.7966,0.00100406,0.00100406,0.00100406
505,11659.6,0.44094,0.32669,0.84491,0.98777,0.99695,0.99488,0.93817,0.35778,0.30324,0.7966,0.00100208,0.00100208,0.00100208
506,11674.5,0.46853,0.38428,0.87514,0.98362,1,0.99476,0.94621,0.35513,0.29703,0.79715,0.0010001,0.0010001,0.0010001
507,11689.2,0.49257,0.36653,0.84681,0.98362,1,0.99476,0.94621,0.35513,0.29703,0.79715,0.00099812,0.00099812,0.00099812
508,11704,0.46394,0.37313,0.84223,0.98558,1,0.99476,0.94882,0.34229,0.30134,0.7968,0.00099614,0.00099614,0.00099614
509,11718.5,0.52849,0.38925,0.87574,0.98558,1,0.99476,0.94882,0.34229,0.30134,0.7968,0.00099416,0.00099416,0.00099416
510,11733.3,0.4999,0.39453,0.85576,0.98624,1,0.99488,0.94586,0.3414,0.29863,0.79615,0.00099218,0.00099218,0.00099218
511,11748,0.48827,0.35847,0.84756,0.98624,1,0.99488,0.94586,0.3414,0.29863,0.79615,0.0009902,0.0009902,0.0009902
512,11762.7,0.49853,0.4227,0.90522,0.99301,1,0.995,0.9411,0.33357,0.293,0.79449,0.00098822,0.00098822,0.00098822
513,11777.2,0.51283,0.40319,0.87137,0.99301,1,0.995,0.9411,0.33357,0.293,0.79449,0.00098624,0.00098624,0.00098624
514,11791.6,0.45702,0.3869,0.89331,0.99456,1,0.995,0.9335,0.33677,0.29049,0.79563,0.00098426,0.00098426,0.00098426
515,11806,0.46138,0.36001,0.87283,0.99456,1,0.995,0.9335,0.33677,0.29049,0.79563,0.00098228,0.00098228,0.00098228
516,11820.4,0.43971,0.33328,0.82833,0.99655,1,0.995,0.93201,0.35162,0.29602,0.79729,0.0009803,0.0009803,0.0009803
517,11834.8,0.46064,0.35359,0.86417,0.99655,1,0.995,0.93201,0.35162,0.29602,0.79729,0.00097832,0.00097832,0.00097832
518,11849.6,0.46124,0.36592,0.87216,0.99771,1,0.995,0.93253,0.36027,0.2998,0.79771,0.00097634,0.00097634,0.00097634
519,11864.1,0.56069,0.42956,0.89916,0.99771,1,0.995,0.93253,0.36027,0.2998,0.79771,0.00097436,0.00097436,0.00097436
520,11878.2,0.45185,0.37891,0.8356,1,0.99874,0.995,0.92268,0.37815,0.30506,0.79964,0.00097238,0.00097238,0.00097238
521,11892.2,0.45952,0.35875,0.84354,1,0.99874,0.995,0.92268,0.37815,0.30506,0.79964,0.0009704,0.0009704,0.0009704
522,11906.5,0.57341,0.41342,0.88636,0.99717,0.98765,0.99488,0.9266,0.36812,0.30064,0.79897,0.00096842,0.00096842,0.00096842
523,11920.6,0.53416,0.39096,0.85062,0.99717,0.98765,0.99488,0.9266,0.36812,0.30064,0.79897,0.00096644,0.00096644,0.00096644
524,11934.7,0.42407,0.34897,0.85799,0.98773,0.99365,0.99488,0.93549,0.34995,0.29911,0.79566,0.00096446,0.00096446,0.00096446
525,11948.8,0.4112,0.32247,0.8385,0.98773,0.99365,0.99488,0.93549,0.34995,0.29911,0.79566,0.00096248,0.00096248,0.00096248
526,11963.1,0.50152,0.38553,0.86195,0.98645,1,0.99476,0.94322,0.34792,0.30192,0.79471,0.0009605,0.0009605,0.0009605
527,11977.2,0.43838,0.3528,0.87133,0.98645,1,0.99476,0.94322,0.34792,0.30192,0.79471,0.00095852,0.00095852,0.00095852
528,11991.1,0.47439,0.3858,0.86243,1,0.97316,0.9944,0.94363,0.35314,0.2991,0.79348,0.00095654,0.00095654,0.00095654
529,12005.2,0.46101,0.36082,0.85194,1,0.97316,0.9944,0.94363,0.35314,0.2991,0.79348,0.00095456,0.00095456,0.00095456
530,12019.1,0.48741,0.36553,0.83648,1,0.97325,0.9944,0.93351,0.36625,0.30147,0.79437,0.00095258,0.00095258,0.00095258
531,12033.3,0.48174,0.36299,0.83262,1,0.97325,0.9944,0.93351,0.36625,0.30147,0.79437,0.0009506,0.0009506,0.0009506
532,12047.4,0.47132,0.34714,0.85168,1,0.97284,0.99429,0.93123,0.36525,0.29489,0.79211,0.00094862,0.00094862,0.00094862
533,12061.5,0.49659,0.38071,0.85726,1,0.97284,0.99429,0.93123,0.36525,0.29489,0.79211,0.00094664,0.00094664,0.00094664
534,12075.7,0.47126,0.38533,0.88519,1,0.97157,0.99452,0.94465,0.35771,0.28801,0.79115,0.00094466,0.00094466,0.00094466
535,12090,0.47185,0.35001,0.83717,1,0.97157,0.99452,0.94465,0.35771,0.28801,0.79115,0.00094268,0.00094268,0.00094268
536,12104.4,0.44988,0.34902,0.8328,0.97008,1,0.99439,0.94584,0.35381,0.28697,0.79138,0.0009407,0.0009407,0.0009407
537,12118.7,0.4935,0.39155,0.87812,0.97008,1,0.99439,0.94584,0.35381,0.28697,0.79138,0.00093872,0.00093872,0.00093872
538,12133.6,0.49717,0.37512,0.86687,0.99627,0.96296,0.99416,0.93803,0.35257,0.28929,0.79212,0.00093674,0.00093674,0.00093674
539,12147.9,0.46341,0.35633,0.87841,0.99627,0.96296,0.99416,0.93803,0.35257,0.28929,0.79212,0.00093476,0.00093476,0.00093476
540,12162.3,0.47805,0.36084,0.84693,0.98698,0.97531,0.99427,0.93162,0.3587,0.287,0.79304,0.00093278,0.00093278,0.00093278
541,12176.5,0.41923,0.34485,0.83869,0.98698,0.97531,0.99427,0.93162,0.3587,0.287,0.79304,0.0009308,0.0009308,0.0009308
542,12190.6,0.37618,0.31567,0.84971,0.98608,0.98765,0.99428,0.93787,0.3515,0.28458,0.79156,0.00092882,0.00092882,0.00092882
543,12204.8,0.48465,0.35932,0.85704,0.98608,0.98765,0.99428,0.93787,0.3515,0.28458,0.79156,0.00092684,0.00092684,0.00092684
544,12219,0.49131,0.38056,0.88662,1,0.98658,0.99476,0.9373,0.35072,0.28817,0.79131,0.00092486,0.00092486,0.00092486
545,12234,0.43129,0.33838,0.80052,1,0.98658,0.99476,0.9373,0.35072,0.28817,0.79131,0.00092288,0.00092288,0.00092288
546,12248.5,0.46389,0.39136,0.88604,1,0.98635,0.995,0.93654,0.34798,0.285,0.79243,0.0009209,0.0009209,0.0009209
547,12262.5,0.42952,0.33951,0.84121,1,0.98635,0.995,0.93654,0.34798,0.285,0.79243,0.00091892,0.00091892,0.00091892
548,12276.6,0.42922,0.33294,0.84803,1,0.98623,0.995,0.93422,0.34842,0.28567,0.79408,0.00091694,0.00091694,0.00091694
549,12290.7,0.47286,0.36938,0.87258,1,0.98623,0.995,0.93422,0.34842,0.28567,0.79408,0.00091496,0.00091496,0.00091496
550,12305,0.42422,0.33996,0.83512,1,0.98626,0.99488,0.93168,0.36112,0.29612,0.79824,0.00091298,0.00091298,0.00091298
551,12319.1,0.43086,0.34289,0.82375,1,0.98626,0.99488,0.93168,0.36112,0.29612,0.79824,0.000911,0.000911,0.000911
552,12333.4,0.46788,0.33608,0.86743,0.98053,1,0.99476,0.93027,0.36118,0.29977,0.79816,0.00090902,0.00090902,0.00090902
553,12347.9,0.42911,0.32633,0.82963,0.98053,1,0.99476,0.93027,0.36118,0.29977,0.79816,0.00090704,0.00090704,0.00090704
554,12362.2,0.44279,0.33841,0.86008,0.99964,0.97531,0.99441,0.93622,0.34717,0.29949,0.79531,0.00090506,0.00090506,0.00090506
555,12376.6,0.41032,0.31125,0.84059,0.99964,0.97531,0.99441,0.93622,0.34717,0.29949,0.79531,0.00090308,0.00090308,0.00090308
556,12391.1,0.47397,0.36849,0.87187,0.98778,0.99831,0.99476,0.94144,0.32598,0.29168,0.79158,0.0009011,0.0009011,0.0009011
557,12405.7,0.4125,0.3384,0.83473,0.98778,0.99831,0.99476,0.94144,0.32598,0.29168,0.79158,0.00089912,0.00089912,0.00089912
558,12420.2,0.4552,0.35351,0.80965,0.99946,0.97531,0.99452,0.94358,0.32628,0.28121,0.79235,0.00089714,0.00089714,0.00089714
559,12435,0.49318,0.38808,0.891,0.99946,0.97531,0.99452,0.94358,0.32628,0.28121,0.79235,0.00089516,0.00089516,0.00089516
560,12449.8,0.44362,0.34724,0.8654,0.98563,1,0.99476,0.93223,0.33576,0.2793,0.79474,0.00089318,0.00089318,0.00089318
561,12464.6,0.48982,0.34182,0.83835,0.98563,1,0.99476,0.93223,0.33576,0.2793,0.79474,0.0008912,0.0008912,0.0008912
562,12479,0.49223,0.39367,0.89973,0.98776,0.99665,0.99488,0.92954,0.34545,0.2826,0.79766,0.00088922,0.00088922,0.00088922
563,12493.7,0.50866,0.38623,0.84951,0.98776,0.99665,0.99488,0.92954,0.34545,0.2826,0.79766,0.00088724,0.00088724,0.00088724
564,12508.5,0.50444,0.36755,0.88099,0.9759,0.9997,0.99464,0.91937,0.34515,0.2841,0.79968,0.00088526,0.00088526,0.00088526
565,12523,0.47937,0.38309,0.89767,0.9759,0.9997,0.99464,0.91937,0.34515,0.2841,0.79968,0.00088328,0.00088328,0.00088328
566,12537.5,0.41159,0.33198,0.86533,0.97588,0.99886,0.99464,0.9313,0.33423,0.28727,0.79739,0.0008813,0.0008813,0.0008813
567,12552.1,0.43837,0.34173,0.84294,0.97588,0.99886,0.99464,0.9313,0.33423,0.28727,0.79739,0.00087932,0.00087932,0.00087932
568,12566.9,0.42612,0.32885,0.85141,0.98436,1,0.99476,0.93072,0.32985,0.28117,0.797,0.00087734,0.00087734,0.00087734
569,12581.2,0.42442,0.35067,0.84866,0.98436,1,0.99476,0.93072,0.32985,0.28117,0.797,0.00087536,0.00087536,0.00087536
570,12595.8,0.4539,0.32232,0.83012,0.98571,1,0.99463,0.9319,0.33713,0.2763,0.79765,0.00087338,0.00087338,0.00087338
571,12610.3,0.40025,0.3257,0.85752,0.98571,1,0.99463,0.9319,0.33713,0.2763,0.79765,0.0008714,0.0008714,0.0008714
572,12624.9,0.42987,0.33338,0.864,0.98779,0.9988,0.99463,0.93304,0.33906,0.27943,0.79758,0.00086942,0.00086942,0.00086942
573,12639.6,0.4913,0.37419,0.86281,0.98779,0.9988,0.99463,0.93304,0.33906,0.27943,0.79758,0.00086744,0.00086744,0.00086744
574,12654.2,0.37359,0.29497,0.84614,0.98777,0.99696,0.99463,0.93448,0.33116,0.27542,0.79578,0.00086546,0.00086546,0.00086546
575,12668.6,0.45507,0.33943,0.83949,0.98777,0.99696,0.99463,0.93448,0.33116,0.27542,0.79578,0.00086348,0.00086348,0.00086348
576,12683.1,0.45169,0.33242,0.82592,0.97367,1,0.99451,0.94372,0.32611,0.26814,0.79404,0.0008615,0.0008615,0.0008615
577,12697.7,0.37538,0.31112,0.81551,0.97367,1,0.99451,0.94372,0.32611,0.26814,0.79404,0.00085952,0.00085952,0.00085952
578,12712.3,0.48165,0.35792,0.86156,0.97405,1,0.99451,0.95055,0.32119,0.26792,0.79147,0.00085754,0.00085754,0.00085754
579,12726.8,0.49081,0.34756,0.85818,0.97405,1,0.99451,0.95055,0.32119,0.26792,0.79147,0.00085556,0.00085556,0.00085556
580,12741.8,0.40947,0.3018,0.83274,0.97445,1,0.99451,0.93525,0.33455,0.27058,0.79209,0.00085358,0.00085358,0.00085358
581,12756.3,0.47215,0.34582,0.85682,0.97445,1,0.99451,0.93525,0.33455,0.27058,0.79209,0.0008516,0.0008516,0.0008516
582,12770.8,0.42146,0.31559,0.81631,0.97459,1,0.99451,0.93708,0.35148,0.27793,0.79432,0.00084962,0.00084962,0.00084962
583,12785.3,0.45373,0.32624,0.8543,0.97459,1,0.99451,0.93708,0.35148,0.27793,0.79432,0.00084764,0.00084764,0.00084764
584,12799.8,0.43963,0.33245,0.85396,0.97461,1,0.99451,0.94522,0.34731,0.28506,0.79254,0.00084566,0.00084566,0.00084566
585,12814.2,0.43399,0.34524,0.85039,0.97461,1,0.99451,0.94522,0.34731,0.28506,0.79254,0.00084368,0.00084368,0.00084368
586,12828.6,0.49031,0.36837,0.87252,0.97452,1,0.99451,0.94791,0.33275,0.27531,0.79028,0.0008417,0.0008417,0.0008417
587,12843.1,0.44532,0.33577,0.86289,0.97452,1,0.99451,0.94791,0.33275,0.27531,0.79028,0.00083972,0.00083972,0.00083972
588,12857.4,0.49668,0.42188,0.90666,0.97452,1,0.99451,0.94787,0.32258,0.27103,0.78779,0.00083774,0.00083774,0.00083774
589,12871.8,0.36326,0.30385,0.80488,0.97452,1,0.99451,0.94787,0.32258,0.27103,0.78779,0.00083576,0.00083576,0.00083576
590,12886.3,0.45205,0.34767,0.83981,0.97458,1,0.99451,0.95161,0.32299,0.26919,0.787,0.00083378,0.00083378,0.00083378
591,12900.8,0.42451,0.33565,0.85289,0.97458,1,0.99451,0.95161,0.32299,0.26919,0.787,0.0008318,0.0008318,0.0008318
592,12915,0.43587,0.34352,0.85354,0.98671,1,0.99488,0.95383,0.31977,0.26842,0.78732,0.00082982,0.00082982,0.00082982
593,12929.5,0.41301,0.33965,0.83145,0.98671,1,0.99488,0.95383,0.31977,0.26842,0.78732,0.00082784,0.00082784,0.00082784
594,12944.3,0.46064,0.36433,0.85329,0.98661,1,0.99476,0.94835,0.31714,0.26717,0.78773,0.00082586,0.00082586,0.00082586
595,12958.5,0.47986,0.36637,0.85138,0.98661,1,0.99476,0.94835,0.31714,0.26717,0.78773,0.00082388,0.00082388,0.00082388
596,12972.8,0.44143,0.35103,0.85649,0.98624,1,0.99476,0.95557,0.3107,0.26849,0.78778,0.0008219,0.0008219,0.0008219
597,12987.2,0.44329,0.34931,0.84062,0.98624,1,0.99476,0.95557,0.3107,0.26849,0.78778,0.00081992,0.00081992,0.00081992
598,13001.7,0.46626,0.36791,0.85612,0.9739,1,0.99452,0.95589,0.32222,0.26707,0.78878,0.00081794,0.00081794,0.00081794
599,13016.4,0.44602,0.3465,0.85737,0.9739,1,0.99452,0.95589,0.32222,0.26707,0.78878,0.00081596,0.00081596,0.00081596
600,13031.3,0.3818,0.31434,0.85743,0.97335,1,0.99452,0.9518,0.32751,0.26986,0.78898,0.00081398,0.00081398,0.00081398
601,13045.7,0.45958,0.35649,0.85961,0.97335,1,0.99452,0.9518,0.32751,0.26986,0.78898,0.000812,0.000812,0.000812
602,13060.1,0.46264,0.34118,0.87077,1,0.97353,0.99452,0.9498,0.3114,0.26807,0.78742,0.00081002,0.00081002,0.00081002
603,13074.5,0.45004,0.34624,0.8597,1,0.97353,0.99452,0.9498,0.3114,0.26807,0.78742,0.00080804,0.00080804,0.00080804
604,13089,0.3868,0.31494,0.85974,1,0.97352,0.99452,0.94416,0.30841,0.27,0.78659,0.00080606,0.00080606,0.00080606
605,13103.2,0.41642,0.32137,0.83271,1,0.97352,0.99452,0.94416,0.30841,0.27,0.78659,0.00080408,0.00080408,0.00080408
606,13117.6,0.45106,0.32336,0.84783,1,0.9737,0.99464,0.94244,0.31268,0.26904,0.78581,0.0008021,0.0008021,0.0008021
607,13131.9,0.43411,0.34567,0.85029,1,0.9737,0.99464,0.94244,0.31268,0.26904,0.78581,0.00080012,0.00080012,0.00080012
608,13146.4,0.40533,0.32744,0.83976,0.98501,1,0.99488,0.95324,0.31646,0.27052,0.78493,0.00079814,0.00079814,0.00079814
609,13161.3,0.41635,0.33317,0.84194,0.98501,1,0.99488,0.95324,0.31646,0.27052,0.78493,0.00079616,0.00079616,0.00079616
610,13175.8,0.43643,0.33346,0.82542,1,0.99903,0.995,0.95161,0.31668,0.26494,0.78375,0.00079418,0.00079418,0.00079418
611,13190.4,0.42393,0.32532,0.8409,1,0.99903,0.995,0.95161,0.31668,0.26494,0.78375,0.0007922,0.0007922,0.0007922
612,13205,0.37781,0.31628,0.81187,0.99908,1,0.995,0.95851,0.3015,0.26047,0.78236,0.00079022,0.00079022,0.00079022
613,13219.5,0.43666,0.35658,0.86068,0.99908,1,0.995,0.95851,0.3015,0.26047,0.78236,0.00078824,0.00078824,0.00078824
614,13234.1,0.40398,0.34221,0.88647,0.99731,1,0.995,0.96158,0.2889,0.25976,0.78069,0.00078626,0.00078626,0.00078626
615,13248.7,0.41187,0.32008,0.82825,0.99731,1,0.995,0.96158,0.2889,0.25976,0.78069,0.00078428,0.00078428,0.00078428
616,13263.2,0.40976,0.31995,0.8412,0.99777,1,0.995,0.95814,0.30492,0.26597,0.78247,0.0007823,0.0007823,0.0007823
617,13278.1,0.39351,0.30272,0.82825,0.99777,1,0.995,0.95814,0.30492,0.26597,0.78247,0.00078032,0.00078032,0.00078032
618,13292.6,0.43335,0.33836,0.82216,0.99721,1,0.995,0.95238,0.31782,0.26758,0.78378,0.00077834,0.00077834,0.00077834
619,13306.8,0.39666,0.3139,0.85048,0.99721,1,0.995,0.95238,0.31782,0.26758,0.78378,0.00077636,0.00077636,0.00077636
620,13320.9,0.42653,0.32178,0.82632,0.99598,1,0.995,0.94932,0.3285,0.26629,0.78543,0.00077438,0.00077438,0.00077438
621,13335.2,0.37642,0.32438,0.8218,0.99598,1,0.995,0.94932,0.3285,0.26629,0.78543,0.0007724,0.0007724,0.0007724
622,13349.3,0.41804,0.34279,0.84065,0.99418,1,0.995,0.95096,0.33202,0.26814,0.7883,0.00077042,0.00077042,0.00077042
623,13363.3,0.41255,0.31718,0.83938,0.99418,1,0.995,0.95096,0.33202,0.26814,0.7883,0.00076844,0.00076844,0.00076844
624,13377.5,0.43627,0.34241,0.86278,0.99324,1,0.995,0.95462,0.32563,0.26351,0.78769,0.00076646,0.00076646,0.00076646
625,13391.6,0.43007,0.32615,0.85329,0.99324,1,0.995,0.95462,0.32563,0.26351,0.78769,0.00076448,0.00076448,0.00076448
626,13407.4,0.42858,0.32618,0.86015,0.99432,1,0.995,0.9496,0.31454,0.25856,0.78637,0.0007625,0.0007625,0.0007625
627,13423.2,0.3654,0.31867,0.85323,0.99432,1,0.995,0.9496,0.31454,0.25856,0.78637,0.00076052,0.00076052,0.00076052
628,13437.9,0.38994,0.3153,0.85793,0.99532,1,0.995,0.94188,0.31146,0.2537,0.78501,0.00075854,0.00075854,0.00075854
629,13452.5,0.40644,0.32066,0.84561,0.99532,1,0.995,0.94188,0.31146,0.2537,0.78501,0.00075656,0.00075656,0.00075656
630,13467,0.43741,0.33772,0.85439,0.99663,1,0.995,0.95013,0.30515,0.25108,0.78407,0.00075458,0.00075458,0.00075458
631,13481.8,0.41005,0.31279,0.82187,0.99663,1,0.995,0.95013,0.30515,0.25108,0.78407,0.0007526,0.0007526,0.0007526
632,13496.5,0.42494,0.331,0.84391,0.98364,1,0.99476,0.95124,0.313,0.2549,0.78531,0.00075062,0.00075062,0.00075062
633,13510.9,0.40484,0.32106,0.85125,0.98364,1,0.99476,0.95124,0.313,0.2549,0.78531,0.00074864,0.00074864,0.00074864
634,13525.3,0.37255,0.28827,0.8289,0.98774,0.99471,0.99488,0.94588,0.33665,0.26198,0.78661,0.00074666,0.00074666,0.00074666
635,13539.6,0.37835,0.29753,0.8113,0.98774,0.99471,0.99488,0.94588,0.33665,0.26198,0.78661,0.00074468,0.00074468,0.00074468
636,13554.2,0.3694,0.30243,0.86344,0.98755,0.97928,0.9944,0.94269,0.33469,0.26243,0.78577,0.0007427,0.0007427,0.0007427
637,13568.5,0.42822,0.32589,0.81746,0.98755,0.97928,0.9944,0.94269,0.33469,0.26243,0.78577,0.00074072,0.00074072,0.00074072
638,13582.9,0.45633,0.33138,0.84149,0.96304,1,0.99415,0.94614,0.31605,0.26292,0.78382,0.00073874,0.00073874,0.00073874
639,13597.4,0.42597,0.30257,0.83332,0.96304,1,0.99415,0.94614,0.31605,0.26292,0.78382,0.00073676,0.00073676,0.00073676
640,13612,0.46266,0.33777,0.84835,0.9759,0.99995,0.99402,0.94665,0.30464,0.26336,0.78238,0.00073478,0.00073478,0.00073478
641,13626.4,0.40126,0.31152,0.8415,0.9759,0.99995,0.99402,0.94665,0.30464,0.26336,0.78238,0.0007328,0.0007328,0.0007328
642,13640.6,0.441,0.3368,0.84697,0.97569,1,0.99439,0.95155,0.30068,0.26185,0.78163,0.00073082,0.00073082,0.00073082
643,13654.8,0.38802,0.31002,0.86195,0.97569,1,0.99439,0.95155,0.30068,0.26185,0.78163,0.00072884,0.00072884,0.00072884
644,13669,0.43974,0.33488,0.84406,0.97472,1,0.99451,0.95694,0.29532,0.25934,0.781,0.00072686,0.00072686,0.00072686
645,13683.3,0.44233,0.34866,0.85661,0.97472,1,0.99451,0.95694,0.29532,0.25934,0.781,0.00072488,0.00072488,0.00072488
646,13697.6,0.41724,0.31278,0.86598,0.98511,1,0.99488,0.95995,0.28997,0.25167,0.77959,0.0007229,0.0007229,0.0007229
647,13711.8,0.40554,0.30281,0.83071,0.98511,1,0.99488,0.95995,0.28997,0.25167,0.77959,0.00072092,0.00072092,0.00072092
648,13726,0.40101,0.31942,0.84185,0.99712,0.98765,0.99476,0.96711,0.28171,0.24577,0.77875,0.00071894,0.00071894,0.00071894
649,13740.3,0.39418,0.30231,0.83209,0.99712,0.98765,0.99476,0.96711,0.28171,0.24577,0.77875,0.00071696,0.00071696,0.00071696
650,13754.8,0.36398,0.29551,0.83288,0.99785,0.98765,0.99476,0.96689,0.27992,0.24473,0.77779,0.00071498,0.00071498,0.00071498
651,13769.1,0.43344,0.32151,0.84527,0.99785,0.98765,0.99476,0.96689,0.27992,0.24473,0.77779,0.000713,0.000713,0.000713
652,13783.7,0.49345,0.36328,0.86241,1,0.98744,0.99476,0.96403,0.27765,0.251,0.77691,0.00071102,0.00071102,0.00071102
653,13797.9,0.36421,0.3262,0.82582,1,0.98744,0.99476,0.96403,0.27765,0.251,0.77691,0.00070904,0.00070904,0.00070904
654,13812.5,0.38558,0.30869,0.86018,1,0.98665,0.99476,0.96369,0.27663,0.24352,0.77751,0.00070706,0.00070706,0.00070706
655,13826.9,0.38304,0.29506,0.82803,1,0.98665,0.99476,0.96369,0.27663,0.24352,0.77751,0.00070508,0.00070508,0.00070508
656,13841.4,0.37926,0.31553,0.84066,1,0.97514,0.99476,0.96856,0.2874,0.24593,0.77925,0.0007031,0.0007031,0.0007031
657,13856,0.3982,0.32986,0.83424,1,0.97514,0.99476,0.96856,0.2874,0.24593,0.77925,0.00070112,0.00070112,0.00070112
658,13870.4,0.36032,0.28907,0.82939,1,0.97301,0.99464,0.96652,0.29028,0.25312,0.78038,0.00069914,0.00069914,0.00069914
659,13884.9,0.40703,0.32544,0.86994,1,0.97301,0.99464,0.96652,0.29028,0.25312,0.78038,0.00069716,0.00069716,0.00069716
660,13899.4,0.41683,0.3195,0.82118,1,0.97303,0.99464,0.96351,0.28894,0.25814,0.77982,0.00069518,0.00069518,0.00069518
661,13913.8,0.39213,0.31421,0.82167,1,0.97303,0.99464,0.96351,0.28894,0.25814,0.77982,0.0006932,0.0006932,0.0006932
662,13928.4,0.45835,0.33375,0.84996,0.99425,0.98765,0.99488,0.96093,0.28395,0.25934,0.77908,0.00069122,0.00069122,0.00069122
663,13942.7,0.4494,0.31517,0.83123,0.99425,0.98765,0.99488,0.96093,0.28395,0.25934,0.77908,0.00068924,0.00068924,0.00068924
664,13957.2,0.40711,0.33807,0.88625,0.99703,0.98765,0.99488,0.96367,0.27813,0.25266,0.77855,0.00068726,0.00068726,0.00068726
665,13971.6,0.41081,0.30786,0.81914,0.99703,0.98765,0.99488,0.96367,0.27813,0.25266,0.77855,0.00068528,0.00068528,0.00068528
666,13986,0.44748,0.33891,0.88533,0.99881,0.98765,0.99488,0.96032,0.28213,0.24705,0.77877,0.0006833,0.0006833,0.0006833
667,14000.2,0.41812,0.31871,0.84936,0.99881,0.98765,0.99488,0.96032,0.28213,0.24705,0.77877,0.00068132,0.00068132,0.00068132
668,14014.7,0.43496,0.30869,0.84131,0.99866,0.98765,0.99488,0.95994,0.28847,0.25388,0.77851,0.00067934,0.00067934,0.00067934
669,14029.2,0.41604,0.32148,0.84544,0.99866,0.98765,0.99488,0.95994,0.28847,0.25388,0.77851,0.00067736,0.00067736,0.00067736
670,14043.6,0.44971,0.36259,0.85653,1,0.98732,0.99488,0.95676,0.28317,0.25432,0.7784,0.00067538,0.00067538,0.00067538
671,14058.2,0.39041,0.29455,0.81988,1,0.98732,0.99488,0.95676,0.28317,0.25432,0.7784,0.0006734,0.0006734,0.0006734
672,14073,0.37553,0.31006,0.84845,1,0.98651,0.99488,0.96255,0.27916,0.24829,0.77935,0.00067142,0.00067142,0.00067142
673,14087.6,0.39456,0.31712,0.79414,1,0.98651,0.99488,0.96255,0.27916,0.24829,0.77935,0.00066944,0.00066944,0.00066944
674,14102.1,0.4193,0.30865,0.86849,0.99994,0.97531,0.99452,0.96698,0.27866,0.24716,0.77927,0.00066746,0.00066746,0.00066746
675,14116.8,0.38795,0.30376,0.81357,0.99994,0.97531,0.99452,0.96698,0.27866,0.24716,0.77927,0.00066548,0.00066548,0.00066548
676,14131.5,0.43946,0.33092,0.85815,0.99848,0.97531,0.9944,0.96377,0.27631,0.24516,0.7789,0.0006635,0.0006635,0.0006635
677,14146,0.39133,0.31525,0.8773,0.99848,0.97531,0.9944,0.96377,0.27631,0.24516,0.7789,0.00066152,0.00066152,0.00066152
678,14160.7,0.43001,0.33579,0.84408,0.99778,0.97531,0.99464,0.96517,0.27793,0.24213,0.77857,0.00065954,0.00065954,0.00065954
679,14175.4,0.41087,0.32519,0.84262,0.99778,0.97531,0.99464,0.96517,0.27793,0.24213,0.77857,0.00065756,0.00065756,0.00065756
680,14190,0.38278,0.30856,0.83327,0.99829,0.97531,0.9944,0.9722,0.28167,0.24611,0.77881,0.00065558,0.00065558,0.00065558
681,14205.1,0.39247,0.33356,0.8508,0.99829,0.97531,0.9944,0.9722,0.28167,0.24611,0.77881,0.0006536,0.0006536,0.0006536
682,14219.5,0.38921,0.308,0.84767,0.99984,0.97531,0.9944,0.97132,0.28041,0.25206,0.77861,0.00065162,0.00065162,0.00065162
683,14234.1,0.43653,0.35326,0.83492,0.99984,0.97531,0.9944,0.97132,0.28041,0.25206,0.77861,0.00064964,0.00064964,0.00064964
684,14248.6,0.3774,0.31236,0.83709,0.98129,1,0.99476,0.96808,0.28074,0.24971,0.7783,0.00064766,0.00064766,0.00064766
685,14263.2,0.39299,0.30326,0.82879,0.98129,1,0.99476,0.96808,0.28074,0.24971,0.7783,0.00064568,0.00064568,0.00064568
686,14277.9,0.4092,0.33037,0.84434,0.98108,1,0.99476,0.96651,0.27451,0.24603,0.77749,0.0006437,0.0006437,0.0006437
687,14292.5,0.45764,0.33239,0.84187,0.98108,1,0.99476,0.96651,0.27451,0.24603,0.77749,0.00064172,0.00064172,0.00064172
688,14307,0.45079,0.32657,0.85133,0.97438,1,0.99476,0.96603,0.27049,0.24772,0.77785,0.00063974,0.00063974,0.00063974
689,14322.1,0.40238,0.30978,0.83781,0.97438,1,0.99476,0.96603,0.27049,0.24772,0.77785,0.00063776,0.00063776,0.00063776
690,14336.8,0.35623,0.29288,0.8404,0.9989,0.97531,0.99476,0.96165,0.28037,0.25173,0.77785,0.00063578,0.00063578,0.00063578
691,14351.3,0.37684,0.31,0.84338,0.9989,0.97531,0.99476,0.96165,0.28037,0.25173,0.77785,0.0006338,0.0006338,0.0006338
692,14365.7,0.45096,0.33422,0.85268,0.99901,0.97531,0.99476,0.9621,0.28517,0.24996,0.77873,0.00063182,0.00063182,0.00063182
693,14380.3,0.49915,0.42487,0.97094,0.99901,0.97531,0.99476,0.9621,0.28517,0.24996,0.77873,0.00062984,0.00062984,0.00062984
694,14394.5,0.39072,0.31719,0.86881,0.99907,0.97531,0.99476,0.95878,0.28539,0.25005,0.77862,0.00062786,0.00062786,0.00062786
695,14408.9,0.42264,0.3156,0.84248,0.99907,0.97531,0.99476,0.95878,0.28539,0.25005,0.77862,0.00062588,0.00062588,0.00062588
696,14423.3,0.388,0.31158,0.82633,0.99979,0.97531,0.99476,0.96007,0.29542,0.25338,0.77843,0.0006239,0.0006239,0.0006239
697,14437.6,0.48392,0.34632,0.85985,0.99979,0.97531,0.99476,0.96007,0.29542,0.25338,0.77843,0.00062192,0.00062192,0.00062192
698,14451.9,0.39988,0.31057,0.86142,0.98763,0.98563,0.99476,0.96298,0.28867,0.25059,0.77724,0.00061994,0.00061994,0.00061994
699,14466.3,0.38612,0.29278,0.81876,0.98763,0.98563,0.99476,0.96298,0.28867,0.25059,0.77724,0.00061796,0.00061796,0.00061796
700,14480.6,0.34782,0.27917,0.82094,1,0.97341,0.99464,0.96844,0.26588,0.25042,0.77424,0.00061598,0.00061598,0.00061598
701,14495.3,0.34655,0.27238,0.83686,1,0.97341,0.99464,0.96844,0.26588,0.25042,0.77424,0.000614,0.000614,0.000614
702,14510.6,0.40805,0.32499,0.86672,1,0.97323,0.99464,0.965,0.25584,0.24441,0.77339,0.00061202,0.00061202,0.00061202
703,14524.7,0.34465,0.28113,0.82801,1,0.97323,0.99464,0.965,0.25584,0.24441,0.77339,0.00061004,0.00061004,0.00061004
704,14539.1,0.35217,0.28706,0.83308,1,0.97292,0.99464,0.96538,0.26627,0.23937,0.77508,0.00060806,0.00060806,0.00060806
705,14553.4,0.35336,0.2935,0.81685,1,0.97292,0.99464,0.96538,0.26627,0.23937,0.77508,0.00060608,0.00060608,0.00060608
706,14567.6,0.36685,0.29176,0.84819,0.97348,1,0.99439,0.9647,0.26439,0.23696,0.77565,0.0006041,0.0006041,0.0006041
707,14581.8,0.40265,0.30905,0.84899,0.97348,1,0.99439,0.9647,0.26439,0.23696,0.77565,0.00060212,0.00060212,0.00060212
708,14596.3,0.34237,0.27229,0.8209,0.97317,1,0.99451,0.97274,0.25596,0.2352,0.77475,0.00060014,0.00060014,0.00060014
709,14610.6,0.43959,0.33509,0.83173,0.97317,1,0.99451,0.97274,0.25596,0.2352,0.77475,0.00059816,0.00059816,0.00059816
710,14625.3,0.32471,0.26838,0.82248,0.98587,1,0.99463,0.97364,0.2481,0.23314,0.77402,0.00059618,0.00059618,0.00059618
711,14639.7,0.40959,0.30934,0.8646,0.98587,1,0.99463,0.97364,0.2481,0.23314,0.77402,0.0005942,0.0005942,0.0005942
712,14654.6,0.33479,0.28743,0.80883,0.98612,1,0.99463,0.97893,0.24686,0.23465,0.7742,0.00059222,0.00059222,0.00059222
713,14669.2,0.43635,0.34303,0.87344,0.98612,1,0.99463,0.97893,0.24686,0.23465,0.7742,0.00059024,0.00059024,0.00059024
714,14683.9,0.36921,0.2863,0.84497,0.98624,1,0.99463,0.97101,0.2647,0.23953,0.77639,0.00058826,0.00058826,0.00058826
715,14698.4,0.38083,0.30811,0.82641,0.98624,1,0.99463,0.97101,0.2647,0.23953,0.77639,0.00058628,0.00058628,0.00058628
716,14713,0.37289,0.29772,0.83676,0.98631,1,0.99463,0.96315,0.28783,0.24488,0.77883,0.0005843,0.0005843,0.0005843
717,14836.3,0.32762,0.27985,0.82002,0.98631,1,0.99463,0.96315,0.28783,0.24488,0.77883,0.00058232,0.00058232,0.00058232
718,14849.1,0.38289,0.30642,0.83498,0.98624,1,0.99463,0.96381,0.2912,0.24823,0.77972,0.00058034,0.00058034,0.00058034
719,14860.8,0.38267,0.31567,0.83596,0.98624,1,0.99463,0.96381,0.2912,0.24823,0.77972,0.00057836,0.00057836,0.00057836
720,14872.6,0.33728,0.27079,0.8113,0.98598,1,0.99463,0.96956,0.27556,0.24012,0.779,0.00057638,0.00057638,0.00057638
721,15857.1,0.41365,0.32144,0.84773,0.98598,1,0.99463,0.96956,0.27556,0.24012,0.779,0.0005744,0.0005744,0.0005744
722,15870,0.39782,0.36453,0.88385,0.98437,1,0.99463,0.97436,0.25988,0.24084,0.77722,0.00057242,0.00057242,0.00057242
723,15881.8,0.37888,0.29783,0.80816,0.98437,1,0.99463,0.97436,0.25988,0.24084,0.77722,0.00057044,0.00057044,0.00057044
724,15893.8,0.36085,0.31227,0.847,0.97383,1,0.99463,0.97496,0.25563,0.24462,0.77536,0.00056846,0.00056846,0.00056846
725,15905.5,0.41151,0.34134,0.88343,0.97383,1,0.99463,0.97496,0.25563,0.24462,0.77536,0.00056648,0.00056648,0.00056648
726,15917.5,0.38007,0.28465,0.83798,0.97448,1,0.99463,0.97414,0.25322,0.24348,0.77427,0.0005645,0.0005645,0.0005645
727,16835.4,0.33111,0.27635,0.81571,0.97448,1,0.99463,0.97414,0.25322,0.24348,0.77427,0.00056252,0.00056252,0.00056252
728,16848.1,0.36464,0.30572,0.83101,0.98048,1,0.99463,0.97516,0.25674,0.24346,0.77424,0.00056054,0.00056054,0.00056054
729,16859.7,0.43885,0.32484,0.84532,0.98048,1,0.99463,0.97516,0.25674,0.24346,0.77424,0.00055856,0.00055856,0.00055856
730,16871.5,0.47487,0.32604,0.84677,0.98778,0.99831,0.99463,0.97188,0.26547,0.24371,0.77492,0.00055658,0.00055658,0.00055658
731,16913.6,0.40441,0.3146,0.84876,0.98778,0.99831,0.99463,0.97188,0.26547,0.24371,0.77492,0.0005546,0.0005546,0.0005546
732,16925.7,0.32647,0.27048,0.81027,0.98769,0.99051,0.99463,0.9731,0.265,0.2443,0.77443,0.00055262,0.00055262,0.00055262
733,16937.5,0.36896,0.29708,0.8283,0.98769,0.99051,0.99463,0.9731,0.265,0.2443,0.77443,0.00055064,0.00055064,0.00055064
734,16949.5,0.38804,0.31664,0.84442,0.98765,0.98711,0.99463,0.97894,0.2543,0.2421,0.77312,0.00054866,0.00054866,0.00054866
735,16961.2,0.33387,0.27296,0.8098,0.98765,0.98711,0.99463,0.97894,0.2543,0.2421,0.77312,0.00054668,0.00054668,0.00054668
736,17907.9,0.39586,0.30011,0.8568,0.98765,0.98702,0.99463,0.97914,0.25683,0.24087,0.77332,0.0005447,0.0005447,0.0005447
737,17921.4,0.38584,0.32477,0.86555,0.98765,0.98702,0.99463,0.97914,0.25683,0.24087,0.77332,0.00054272,0.00054272,0.00054272
738,17933.2,0.37187,0.28754,0.84269,0.98765,0.98754,0.99463,0.97443,0.26532,0.24011,0.77451,0.00054074,0.00054074,0.00054074
739,17944.7,0.39388,0.29829,0.85752,0.98765,0.98754,0.99463,0.97443,0.26532,0.24011,0.77451,0.00053876,0.00053876,0.00053876
740,17956.5,0.31954,0.26133,0.81009,0.98767,0.98908,0.99463,0.97442,0.26004,0.23682,0.77484,0.00053678,0.00053678,0.00053678
741,17968.1,0.38839,0.30107,0.8423,0.98767,0.98908,0.99463,0.97442,0.26004,0.23682,0.77484,0.0005348,0.0005348,0.0005348
742,17979.9,0.37993,0.30296,0.87148,0.97477,1,0.99451,0.97887,0.2643,0.24089,0.77645,0.00053282,0.00053282,0.00053282
743,17991.7,0.41755,0.33983,0.87549,0.97477,1,0.99451,0.97887,0.2643,0.24089,0.77645,0.00053084,0.00053084,0.00053084
744,18003.5,0.36015,0.29489,0.84116,0.97288,1,0.99451,0.9778,0.27113,0.24144,0.77736,0.00052886,0.00052886,0.00052886
745,18015.1,0.39039,0.31249,0.86795,0.97288,1,0.99451,0.9778,0.27113,0.24144,0.77736,0.00052688,0.00052688,0.00052688
746,18026.8,0.46054,0.35156,0.84125,0.9742,1,0.99451,0.97486,0.26527,0.24198,0.77626,0.0005249,0.0005249,0.0005249
747,18038.5,0.34133,0.27711,0.81818,0.9742,1,0.99451,0.97486,0.26527,0.24198,0.77626,0.00052292,0.00052292,0.00052292
748,18050.2,0.35389,0.27278,0.82241,0.97375,1,0.99451,0.97697,0.25509,0.24302,0.77477,0.00052094,0.00052094,0.00052094
749,18061.9,0.36507,0.30664,0.82912,0.97375,1,0.99451,0.97697,0.25509,0.24302,0.77477,0.00051896,0.00051896,0.00051896
750,18073.6,0.38644,0.30127,0.8422,0.97341,1,0.99451,0.97258,0.25935,0.24236,0.77483,0.00051698,0.00051698,0.00051698
751,18085.2,0.31464,0.28089,0.81724,0.97341,1,0.99451,0.97258,0.25935,0.24236,0.77483,0.000515,0.000515,0.000515
752,18097.2,0.37862,0.29726,0.83554,0.97316,1,0.99451,0.97031,0.26517,0.23753,0.77538,0.00051302,0.00051302,0.00051302
753,18109.1,0.37509,0.29533,0.8625,0.97316,1,0.99451,0.97031,0.26517,0.23753,0.77538,0.00051104,0.00051104,0.00051104
754,18120.9,0.35633,0.29661,0.84299,0.97308,1,0.99439,0.97523,0.26253,0.23583,0.77584,0.00050906,0.00050906,0.00050906
755,18132.6,0.34857,0.26957,0.83017,0.97308,1,0.99439,0.97523,0.26253,0.23583,0.77584,0.00050708,0.00050708,0.00050708
756,18144.5,0.29641,0.26498,0.80618,0.97343,1,0.99439,0.97164,0.26065,0.23729,0.77563,0.0005051,0.0005051,0.0005051
757,18156.3,0.3988,0.3151,0.84402,0.97343,1,0.99439,0.97164,0.26065,0.23729,0.77563,0.00050312,0.00050312,0.00050312
758,18168.1,0.32369,0.2778,0.83989,0.96422,0.99821,0.99416,0.97256,0.26497,0.23746,0.77564,0.00050114,0.00050114,0.00050114
759,18179.9,0.33148,0.27564,0.81092,0.96422,0.99821,0.99416,0.97256,0.26497,0.23746,0.77564,0.00049916,0.00049916,0.00049916
760,18191.7,0.35925,0.28529,0.81062,0.96422,0.99825,0.99416,0.97192,0.26537,0.2361,0.77545,0.00049718,0.00049718,0.00049718
761,18203.4,0.34564,0.29305,0.82182,0.96422,0.99825,0.99416,0.97192,0.26537,0.2361,0.77545,0.0004952,0.0004952,0.0004952
762,18215.7,0.35958,0.30908,0.83811,0.96423,0.99848,0.99416,0.97435,0.25979,0.23109,0.77536,0.00049322,0.00049322,0.00049322
763,18227.2,0.41558,0.33619,0.8437,0.96423,0.99848,0.99416,0.97435,0.25979,0.23109,0.77536,0.00049124,0.00049124,0.00049124
764,18239.5,0.36608,0.29149,0.86384,0.96424,0.99859,0.99427,0.97561,0.25599,0.22759,0.77486,0.00048926,0.00048926,0.00048926
765,18251.2,0.35424,0.2857,0.81564,0.96424,0.99859,0.99427,0.97561,0.25599,0.22759,0.77486,0.00048728,0.00048728,0.00048728
766,18263.4,0.36002,0.27923,0.84293,0.96424,0.99865,0.99427,0.97551,0.25736,0.23014,0.77511,0.0004853,0.0004853,0.0004853
767,18275.1,0.39459,0.29986,0.80727,0.96424,0.99865,0.99427,0.97551,0.25736,0.23014,0.77511,0.00048332,0.00048332,0.00048332
768,18287.3,0.3493,0.27257,0.8139,1,0.97267,0.9944,0.9755,0.2598,0.22848,0.77519,0.00048134,0.00048134,0.00048134
769,18299.3,0.36567,0.29606,0.83309,1,0.97267,0.9944,0.9755,0.2598,0.22848,0.77519,0.00047936,0.00047936,0.00047936
770,18311.4,0.37043,0.28964,0.84138,1,0.97294,0.99452,0.96952,0.25502,0.22814,0.77444,0.00047738,0.00047738,0.00047738
771,18323.5,0.38222,0.31402,0.85931,1,0.97294,0.99452,0.96952,0.25502,0.22814,0.77444,0.0004754,0.0004754,0.0004754
772,18335.6,0.35723,0.28584,0.83267,1,0.97296,0.99452,0.97289,0.25062,0.22723,0.77394,0.00047342,0.00047342,0.00047342
773,18347.5,0.3328,0.28401,0.83042,1,0.97296,0.99452,0.97289,0.25062,0.22723,0.77394,0.00047144,0.00047144,0.00047144
774,18359.7,0.33671,0.28064,0.80776,0.97416,1,0.99451,0.97529,0.25126,0.22764,0.77437,0.00046946,0.00046946,0.00046946
775,18371.7,0.34466,0.27379,0.82844,0.97416,1,0.99451,0.97529,0.25126,0.22764,0.77437,0.00046748,0.00046748,0.00046748
776,18383.9,0.35338,0.28755,0.82345,0.98687,1,0.99463,0.97251,0.25406,0.23116,0.77464,0.0004655,0.0004655,0.0004655
777,18395.9,0.45677,0.3108,0.85575,0.98687,1,0.99463,0.97251,0.25406,0.23116,0.77464,0.00046352,0.00046352,0.00046352
778,19321.5,0.33191,0.2739,0.82817,0.98629,1,0.99463,0.97328,0.25299,0.2296,0.77393,0.00046154,0.00046154,0.00046154
779,19333.6,0.37376,0.30589,0.84099,0.98629,1,0.99463,0.97328,0.25299,0.2296,0.77393,0.00045956,0.00045956,0.00045956
780,19345.5,0.30747,0.26078,0.81392,0.98521,1,0.99476,0.97337,0.2534,0.22661,0.77316,0.00045758,0.00045758,0.00045758
781,19357.3,0.41777,0.30851,0.84146,0.98521,1,0.99476,0.97337,0.2534,0.22661,0.77316,0.0004556,0.0004556,0.0004556
782,19369.1,0.3796,0.30504,0.85686,0.98412,1,0.99476,0.97504,0.261,0.22416,0.77319,0.00045362,0.00045362,0.00045362
783,19380.5,0.36466,0.2825,0.82273,0.98412,1,0.99476,0.97504,0.261,0.22416,0.77319,0.00045164,0.00045164,0.00045164
784,20354.3,0.36174,0.28177,0.80112,0.98362,1,0.99476,0.97483,0.2603,0.22308,0.77311,0.00044966,0.00044966,0.00044966
785,20366.8,0.3417,0.28588,0.82602,0.98362,1,0.99476,0.97483,0.2603,0.22308,0.77311,0.00044768,0.00044768,0.00044768
786,20378.7,0.36053,0.29744,0.8268,0.98301,1,0.99476,0.97433,0.25222,0.21713,0.77269,0.0004457,0.0004457,0.0004457
787,20390.2,0.384,0.28888,0.81225,0.98301,1,0.99476,0.97433,0.25222,0.21713,0.77269,0.00044372,0.00044372,0.00044372
788,20401.6,0.35811,0.2771,0.81236,0.98227,1,0.99476,0.97415,0.2464,0.21648,0.77163,0.00044174,0.00044174,0.00044174
789,20413.2,0.34865,0.30104,0.81601,0.98227,1,0.99476,0.97415,0.2464,0.21648,0.77163,0.00043976,0.00043976,0.00043976
790,20424.8,0.36839,0.30464,0.84563,0.9822,1,0.99476,0.97574,0.24455,0.21582,0.77155,0.00043778,0.00043778,0.00043778
791,20436.3,0.33999,0.27217,0.81978,0.9822,1,0.99476,0.97574,0.24455,0.21582,0.77155,0.0004358,0.0004358,0.0004358
792,20447.9,0.31938,0.26324,0.81249,0.98245,1,0.99476,0.98047,0.24206,0.21762,0.77193,0.00043382,0.00043382,0.00043382
793,20459.6,0.38641,0.31169,0.86411,0.98245,1,0.99476,0.98047,0.24206,0.21762,0.77193,0.00043184,0.00043184,0.00043184
794,20471.5,0.381,0.30233,0.82767,0.98251,1,0.99476,0.97826,0.24388,0.22232,0.77274,0.00042986,0.00042986,0.00042986
795,20483.7,0.35337,0.28981,0.84134,0.98251,1,0.99476,0.97826,0.24388,0.22232,0.77274,0.00042788,0.00042788,0.00042788
796,20495.3,0.40484,0.29209,0.82064,0.9826,1,0.99476,0.97324,0.24591,0.22442,0.77292,0.0004259,0.0004259,0.0004259
797,20507,0.3479,0.27717,0.81084,0.9826,1,0.99476,0.97324,0.24591,0.22442,0.77292,0.00042392,0.00042392,0.00042392
798,20518.8,0.34428,0.27111,0.82798,0.98524,1,0.99476,0.97373,0.25346,0.22144,0.77339,0.00042194,0.00042194,0.00042194
799,20530.6,0.37288,0.29107,0.82296,0.98524,1,0.99476,0.97373,0.25346,0.22144,0.77339,0.00041996,0.00041996,0.00041996
800,20542.4,0.3314,0.26531,0.83341,0.98537,1,0.99476,0.97184,0.25304,0.22303,0.77295,0.00041798,0.00041798,0.00041798
801,20554.1,0.34775,0.28083,0.80942,0.98537,1,0.99476,0.97184,0.25304,0.22303,0.77295,0.000416,0.000416,0.000416
802,20565.8,0.31131,0.28524,0.83526,0.98541,1,0.99476,0.97464,0.24511,0.22312,0.7713,0.00041402,0.00041402,0.00041402
803,20578,0.37506,0.29434,0.83132,0.98541,1,0.99476,0.97464,0.24511,0.22312,0.7713,0.00041204,0.00041204,0.00041204
804,20589.9,0.36182,0.30754,0.82287,0.98558,1,0.99476,0.97159,0.24531,0.22181,0.77102,0.00041006,0.00041006,0.00041006
805,20602.1,0.35309,0.28742,0.82397,0.98558,1,0.99476,0.97159,0.24531,0.22181,0.77102,0.00040808,0.00040808,0.00040808
806,20614.2,0.40173,0.29767,0.85453,0.98551,1,0.99476,0.97208,0.24698,0.22136,0.77127,0.0004061,0.0004061,0.0004061
807,20626.2,0.34271,0.26962,0.81385,0.98551,1,0.99476,0.97208,0.24698,0.22136,0.77127,0.00040412,0.00040412,0.00040412
808,20638.5,0.3804,0.27426,0.81721,0.98542,1,0.99476,0.97024,0.24572,0.22343,0.77113,0.00040214,0.00040214,0.00040214
809,20650.9,0.38034,0.29124,0.81343,0.98542,1,0.99476,0.97024,0.24572,0.22343,0.77113,0.00040016,0.00040016,0.00040016
810,20663.1,0.32432,0.27387,0.81228,0.97593,1,0.99476,0.9721,0.24038,0.22494,0.77053,0.00039818,0.00039818,0.00039818
811,20674.9,0.33763,0.27255,0.82143,0.97593,1,0.99476,0.9721,0.24038,0.22494,0.77053,0.0003962,0.0003962,0.0003962
812,20687.2,0.343,0.25906,0.81698,0.97578,1,0.99476,0.97647,0.23746,0.22413,0.77037,0.00039422,0.00039422,0.00039422
813,20699.3,0.33663,0.27458,0.81386,0.97578,1,0.99476,0.97647,0.23746,0.22413,0.77037,0.00039224,0.00039224,0.00039224
814,20711.6,0.40363,0.31915,0.85882,0.97548,1,0.99476,0.9798,0.23332,0.22165,0.77016,0.00039026,0.00039026,0.00039026
815,20723.9,0.33641,0.25861,0.82565,0.97548,1,0.99476,0.9798,0.23332,0.22165,0.77016,0.00038828,0.00038828,0.00038828
816,20735.9,0.35534,0.2869,0.85342,0.97538,1,0.99476,0.9799,0.23175,0.22001,0.77038,0.0003863,0.0003863,0.0003863
817,20747.9,0.36093,0.28313,0.82976,0.97538,1,0.99476,0.9799,0.23175,0.22001,0.77038,0.00038432,0.00038432,0.00038432
818,20760.6,0.31749,0.26782,0.84602,0.97534,1,0.99476,0.97863,0.23226,0.21689,0.77073,0.00038234,0.00038234,0.00038234
819,20773.3,0.32913,0.2523,0.80413,0.97534,1,0.99476,0.97863,0.23226,0.21689,0.77073,0.00038036,0.00038036,0.00038036
820,20785.8,0.28381,0.25435,0.83176,0.97569,1,0.99464,0.97745,0.23378,0.21591,0.77083,0.00037838,0.00037838,0.00037838
821,20798.3,0.38274,0.30129,0.82088,0.97569,1,0.99464,0.97745,0.23378,0.21591,0.77083,0.0003764,0.0003764,0.0003764
822,20810.8,0.34322,0.2953,0.82252,0.97577,1,0.99464,0.97756,0.23736,0.21776,0.77048,0.00037442,0.00037442,0.00037442
823,20823,0.34644,0.27574,0.81647,0.97577,1,0.99464,0.97756,0.23736,0.21776,0.77048,0.00037244,0.00037244,0.00037244
824,20835.4,0.34133,0.26216,0.83886,0.97569,1,0.99464,0.97758,0.23782,0.21771,0.77063,0.00037046,0.00037046,0.00037046
825,20847.7,0.32336,0.27284,0.82647,0.97569,1,0.99464,0.97758,0.23782,0.21771,0.77063,0.00036848,0.00036848,0.00036848
826,20860.2,0.31174,0.29121,0.83574,0.97584,0.99751,0.99464,0.97819,0.23431,0.21371,0.77044,0.0003665,0.0003665,0.0003665
827,20872.3,0.33384,0.28574,0.8168,0.97584,0.99751,0.99464,0.97819,0.23431,0.21371,0.77044,0.00036452,0.00036452,0.00036452
828,20884.7,0.27917,0.23927,0.79644,0.97582,0.99637,0.99464,0.97751,0.23351,0.2132,0.77065,0.00036254,0.00036254,0.00036254
829,20897.1,0.29914,0.26144,0.80764,0.97582,0.99637,0.99464,0.97751,0.23351,0.2132,0.77065,0.00036056,0.00036056,0.00036056
830,20909.3,0.35552,0.27754,0.80778,0.97586,0.998,0.99464,0.97802,0.23421,0.21627,0.77103,0.00035858,0.00035858,0.00035858
831,20922,0.37397,0.30169,0.85256,0.97586,0.998,0.99464,0.97802,0.23421,0.21627,0.77103,0.0003566,0.0003566,0.0003566
832,20934.6,0.36635,0.28426,0.82239,0.9736,1,0.99451,0.97421,0.23549,0.21704,0.77091,0.00035462,0.00035462,0.00035462
833,20947.3,0.34121,0.27507,0.80647,0.9736,1,0.99451,0.97421,0.23549,0.21704,0.77091,0.00035264,0.00035264,0.00035264
834,20959.9,0.31602,0.25884,0.8162,0.97359,1,0.99451,0.9765,0.23498,0.21637,0.77073,0.00035066,0.00035066,0.00035066
835,20973.9,0.31834,0.26131,0.82763,0.97359,1,0.99451,0.9765,0.23498,0.21637,0.77073,0.00034868,0.00034868,0.00034868
836,20987,0.32081,0.2738,0.81449,0.97378,1,0.99451,0.97521,0.23307,0.2171,0.7704,0.0003467,0.0003467,0.0003467
837,20999.4,0.34598,0.27164,0.82329,0.97378,1,0.99451,0.97521,0.23307,0.2171,0.7704,0.00034472,0.00034472,0.00034472
838,21011.7,0.31431,0.27465,0.82929,0.97386,1,0.99451,0.97406,0.22898,0.21452,0.7695,0.00034274,0.00034274,0.00034274
839,21024.2,0.31143,0.25732,0.8014,0.97386,1,0.99451,0.97406,0.22898,0.21452,0.7695,0.00034076,0.00034076,0.00034076
840,21036.6,0.3373,0.26763,0.81629,0.97367,1,0.99451,0.97414,0.22799,0.21546,0.76892,0.00033878,0.00033878,0.00033878
841,21048.8,0.32962,0.27204,0.83504,0.97367,1,0.99451,0.97414,0.22799,0.21546,0.76892,0.0003368,0.0003368,0.0003368
842,21061.2,0.34077,0.27436,0.79963,1,0.97321,0.99464,0.9769,0.22838,0.21486,0.76885,0.00033482,0.00033482,0.00033482
843,21073.8,0.36621,0.28547,0.83493,1,0.97321,0.99464,0.9769,0.22838,0.21486,0.76885,0.00033284,0.00033284,0.00033284
844,21086.3,0.31423,0.26533,0.82939,1,0.9735,0.99464,0.97805,0.23055,0.21703,0.76885,0.00033086,0.00033086,0.00033086
845,21098.7,0.33791,0.27319,0.85351,1,0.9735,0.99464,0.97805,0.23055,0.21703,0.76885,0.00032888,0.00032888,0.00032888
846,21111.2,0.37039,0.27441,0.83062,1,0.9738,0.99464,0.9819,0.23456,0.21859,0.76863,0.0003269,0.0003269,0.0003269
847,21123.6,0.36586,0.29742,0.80975,1,0.9738,0.99464,0.9819,0.23456,0.21859,0.76863,0.00032492,0.00032492,0.00032492
848,21136.5,0.3077,0.25818,0.83217,1,0.97802,0.99476,0.98197,0.23646,0.21661,0.76851,0.00032294,0.00032294,0.00032294
849,21149.1,0.32338,0.26237,0.82912,1,0.97802,0.99476,0.98197,0.23646,0.21661,0.76851,0.00032096,0.00032096,0.00032096
850,21161.6,0.35969,0.26141,0.82286,1,0.97781,0.99476,0.98051,0.23203,0.21593,0.76845,0.00031898,0.00031898,0.00031898
851,21174.1,0.31115,0.25473,0.82409,1,0.97781,0.99476,0.98051,0.23203,0.21593,0.76845,0.000317,0.000317,0.000317
852,21186.6,0.3097,0.25305,0.85579,0.98771,0.99181,0.99488,0.98085,0.227,0.21477,0.7681,0.00031502,0.00031502,0.00031502
853,21199.1,0.33855,0.27517,0.85296,0.98771,0.99181,0.99488,0.98085,0.227,0.21477,0.7681,0.00031304,0.00031304,0.00031304
854,21211.8,0.33009,0.26756,0.83752,0.98502,1,0.99488,0.981,0.22159,0.21217,0.7678,0.00031106,0.00031106,0.00031106
855,21224.1,0.3606,0.27467,0.84205,0.98502,1,0.99488,0.981,0.22159,0.21217,0.7678,0.00030908,0.00030908,0.00030908
856,21236.7,0.27292,0.24376,0.80371,0.9835,1,0.995,0.98149,0.21952,0.21128,0.7677,0.0003071,0.0003071,0.0003071
857,21249.4,0.33873,0.27038,0.81997,0.9835,1,0.995,0.98149,0.21952,0.21128,0.7677,0.00030512,0.00030512,0.00030512
858,21262.2,0.37888,0.30074,0.81443,0.9851,1,0.995,0.98019,0.22099,0.21313,0.76848,0.00030314,0.00030314,0.00030314
859,21274.8,0.33084,0.27561,0.83899,0.9851,1,0.995,0.98019,0.22099,0.21313,0.76848,0.00030116,0.00030116,0.00030116
860,21287.4,0.3708,0.2942,0.83925,0.98763,1,0.995,0.97886,0.22443,0.21648,0.76883,0.00029918,0.00029918,0.00029918
861,21300.1,0.29027,0.2463,0.81687,0.98763,1,0.995,0.97886,0.22443,0.21648,0.76883,0.0002972,0.0002972,0.0002972
862,21312.8,0.33032,0.27394,0.84308,0.99256,1,0.995,0.98097,0.22358,0.21695,0.7688,0.00029522,0.00029522,0.00029522
863,21325.6,0.31611,0.27237,0.81755,0.99256,1,0.995,0.98097,0.22358,0.21695,0.7688,0.00029324,0.00029324,0.00029324
864,21338.4,0.31604,0.27268,0.83677,0.9952,1,0.995,0.98194,0.2193,0.21607,0.76872,0.00029126,0.00029126,0.00029126
865,21351.9,0.30172,0.2641,0.78934,0.9952,1,0.995,0.98194,0.2193,0.21607,0.76872,0.00028928,0.00028928,0.00028928
866,21365.4,0.3525,0.2741,0.80589,0.99811,1,0.995,0.9818,0.21915,0.2151,0.76855,0.0002873,0.0002873,0.0002873
867,21378.6,0.33197,0.25737,0.83499,0.99811,1,0.995,0.9818,0.21915,0.2151,0.76855,0.00028532,0.00028532,0.00028532
868,21392.5,0.32585,0.27246,0.81353,1,0.98701,0.995,0.98208,0.22098,0.21383,0.76868,0.00028334,0.00028334,0.00028334
869,21406.4,0.34973,0.28193,0.79653,1,0.98701,0.995,0.98208,0.22098,0.21383,0.76868,0.00028136,0.00028136,0.00028136
870,21420.3,0.32171,0.26678,0.82172,1,0.9856,0.995,0.98071,0.22428,0.21189,0.76897,0.00027938,0.00027938,0.00027938
871,21434.1,0.30665,0.25664,0.8087,1,0.9856,0.995,0.98071,0.22428,0.21189,0.76897,0.0002774,0.0002774,0.0002774
872,21448.6,0.33199,0.28161,0.84269,1,0.98557,0.995,0.97908,0.22384,0.21235,0.7692,0.00027542,0.00027542,0.00027542
873,21462.9,0.38452,0.31148,0.84216,1,0.98557,0.995,0.97908,0.22384,0.21235,0.7692,0.00027344,0.00027344,0.00027344
874,21477.8,0.25076,0.23028,0.82029,1,0.98641,0.99488,0.97857,0.22006,0.21452,0.76879,0.00027146,0.00027146,0.00027146
875,21492.2,0.32126,0.27603,0.84766,1,0.98641,0.99488,0.97857,0.22006,0.21452,0.76879,0.00026948,0.00026948,0.00026948
876,21506.2,0.26909,0.22979,0.8237,0.99397,0.98765,0.99488,0.97867,0.21477,0.21342,0.76824,0.0002675,0.0002675,0.0002675
877,21520.5,0.30851,0.26174,0.82279,0.99397,0.98765,0.99488,0.97867,0.21477,0.21342,0.76824,0.00026552,0.00026552,0.00026552
878,21535,0.31883,0.25555,0.83083,0.98772,0.99326,0.99488,0.98082,0.2147,0.21172,0.76781,0.00026354,0.00026354,0.00026354
879,21549.1,0.34359,0.28671,0.84585,0.98772,0.99326,0.99488,0.98082,0.2147,0.21172,0.76781,0.00026156,0.00026156,0.00026156
880,21563.3,0.32024,0.25748,0.82032,0.98591,1,0.99476,0.98113,0.21522,0.21372,0.76788,0.00025958,0.00025958,0.00025958
881,21577.6,0.31691,0.25045,0.81195,0.98591,1,0.99476,0.98113,0.21522,0.21372,0.76788,0.0002576,0.0002576,0.0002576
882,21592.2,0.32235,0.26931,0.80997,0.98777,0.99754,0.99488,0.98097,0.21199,0.21293,0.76755,0.00025562,0.00025562,0.00025562
883,21606.5,0.38851,0.30484,0.83586,0.98777,0.99754,0.99488,0.98097,0.21199,0.21293,0.76755,0.00025364,0.00025364,0.00025364
884,21620.8,0.28338,0.23752,0.80695,0.9878,0.99989,0.99476,0.98079,0.21173,0.21217,0.76769,0.00025166,0.00025166,0.00025166
885,21635.2,0.33796,0.27432,0.82101,0.9878,0.99989,0.99476,0.98079,0.21173,0.21217,0.76769,0.00024968,0.00024968,0.00024968
886,21649,0.32855,0.26598,0.83458,0.98049,1,0.99476,0.98293,0.21616,0.21352,0.76772,0.0002477,0.0002477,0.0002477
887,21662.9,0.34035,0.27395,0.8301,0.98049,1,0.99476,0.98293,0.21616,0.21352,0.76772,0.00024572,0.00024572,0.00024572
888,21677.1,0.34649,0.26525,0.80387,0.97587,1,0.99476,0.98233,0.21979,0.21227,0.76752,0.00024374,0.00024374,0.00024374
889,21691.3,0.33007,0.26277,0.82267,0.97587,1,0.99476,0.98233,0.21979,0.21227,0.76752,0.00024176,0.00024176,0.00024176
890,21705.7,0.30098,0.25653,0.80536,0.97557,1,0.99476,0.98316,0.21539,0.21042,0.76699,0.00023978,0.00023978,0.00023978
891,21720.5,0.37799,0.30112,0.85155,0.97557,1,0.99476,0.98316,0.21539,0.21042,0.76699,0.0002378,0.0002378,0.0002378
892,21735,0.36767,0.27849,0.82063,0.97574,1,0.99476,0.98178,0.20751,0.20829,0.76613,0.00023582,0.00023582,0.00023582
893,21749.3,0.33625,0.27063,0.83749,0.97574,1,0.99476,0.98178,0.20751,0.20829,0.76613,0.00023384,0.00023384,0.00023384
894,21763.6,0.32443,0.27434,0.83317,0.97546,1,0.99476,0.9854,0.20102,0.2071,0.76638,0.00023186,0.00023186,0.00023186
895,21777.9,0.35067,0.28864,0.83794,0.97546,1,0.99476,0.9854,0.20102,0.2071,0.76638,0.00022988,0.00022988,0.00022988
896,21792.1,0.3022,0.25684,0.83305,0.97507,1,0.99476,0.98559,0.20177,0.20746,0.76611,0.0002279,0.0002279,0.0002279
897,21805.8,0.34002,0.27691,0.81946,0.97507,1,0.99476,0.98559,0.20177,0.20746,0.76611,0.00022592,0.00022592,0.00022592
898,21820,0.35544,0.26281,0.81877,0.97535,1,0.99476,0.98591,0.20314,0.21096,0.76619,0.00022394,0.00022394,0.00022394
899,21834,0.3404,0.27275,0.86004,0.97535,1,0.99476,0.98591,0.20314,0.21096,0.76619,0.00022196,0.00022196,0.00022196
900,21847.8,0.30698,0.24414,0.83019,0.97572,1,0.99476,0.9862,0.2021,0.20784,0.76589,0.00021998,0.00021998,0.00021998
901,21861.7,0.29449,0.2607,0.82007,0.97572,1,0.99476,0.9862,0.2021,0.20784,0.76589,0.000218,0.000218,0.000218
902,21875.7,0.30944,0.26879,0.84758,0.97779,1,0.99476,0.98624,0.20332,0.20495,0.76552,0.00021602,0.00021602,0.00021602
903,21889.4,0.28626,0.25212,0.8036,0.97779,1,0.99476,0.98624,0.20332,0.20495,0.76552,0.00021404,0.00021404,0.00021404
904,21903.3,0.33938,0.26883,0.8155,0.9775,1,0.99476,0.98269,0.20753,0.20586,0.76598,0.00021206,0.00021206,0.00021206
905,21918.2,0.30601,0.24369,0.83212,0.9775,1,0.99476,0.98269,0.20753,0.20586,0.76598,0.00021008,0.00021008,0.00021008
906,21932.3,0.31252,0.25822,0.81645,0.97841,1,0.99476,0.98165,0.21134,0.20551,0.76652,0.0002081,0.0002081,0.0002081
907,21946.4,0.27308,0.24838,0.79447,0.97841,1,0.99476,0.98165,0.21134,0.20551,0.76652,0.00020612,0.00020612,0.00020612
908,21960.3,0.30236,0.26511,0.81487,0.979,1,0.99476,0.9831,0.2148,0.20538,0.76669,0.00020414,0.00020414,0.00020414
909,21974.3,0.3588,0.27078,0.83213,0.979,1,0.99476,0.9831,0.2148,0.20538,0.76669,0.00020216,0.00020216,0.00020216
910,21988.8,0.36627,0.27761,0.8331,0.98043,1,0.99476,0.98315,0.21826,0.20475,0.76722,0.00020018,0.00020018,0.00020018
911,22003.1,0.30605,0.25846,0.81452,0.98043,1,0.99476,0.98315,0.21826,0.20475,0.76722,0.0001982,0.0001982,0.0001982
912,22017.3,0.35148,0.29186,0.82831,0.9878,0.99969,0.99476,0.98231,0.22025,0.20415,0.76781,0.00019622,0.00019622,0.00019622
913,22031.8,0.35787,0.29114,0.81078,0.9878,0.99969,0.99476,0.98231,0.22025,0.20415,0.76781,0.00019424,0.00019424,0.00019424
914,22046.7,0.34137,0.2758,0.80661,0.98777,0.99687,0.99476,0.98246,0.22069,0.20401,0.76823,0.00019226,0.00019226,0.00019226
915,22061.3,0.31242,0.25347,0.84079,0.98777,0.99687,0.99476,0.98246,0.22069,0.20401,0.76823,0.00019028,0.00019028,0.00019028
916,22075.8,0.30209,0.23564,0.81037,0.98777,0.99718,0.99476,0.98363,0.21757,0.20219,0.76825,0.0001883,0.0001883,0.0001883
917,22090.4,0.28979,0.25406,0.81336,0.98777,0.99718,0.99476,0.98363,0.21757,0.20219,0.76825,0.00018632,0.00018632,0.00018632
918,22104.9,0.31095,0.25044,0.79332,0.98779,0.99852,0.99476,0.98614,0.2157,0.20248,0.76794,0.00018434,0.00018434,0.00018434
919,22119.3,0.30222,0.25698,0.82088,0.98779,0.99852,0.99476,0.98614,0.2157,0.20248,0.76794,0.00018236,0.00018236,0.00018236
920,22133.8,0.30802,0.25654,0.83468,0.98597,1,0.99476,0.98608,0.21543,0.20224,0.76768,0.00018038,0.00018038,0.00018038
921,22148.2,0.34944,0.29147,0.85458,0.98597,1,0.99476,0.98608,0.21543,0.20224,0.76768,0.0001784,0.0001784,0.0001784
922,22162.5,0.30507,0.24661,0.81395,0.98275,1,0.99476,0.98675,0.21421,0.20292,0.76765,0.00017642,0.00017642,0.00017642
923,22177.1,0.30291,0.24852,0.80624,0.98275,1,0.99476,0.98675,0.21421,0.20292,0.76765,0.00017444,0.00017444,0.00017444
924,22191.4,0.31914,0.26213,0.83588,0.98174,1,0.99476,0.98534,0.21129,0.20399,0.76691,0.00017246,0.00017246,0.00017246
925,22206,0.31257,0.26663,0.81442,0.98174,1,0.99476,0.98534,0.21129,0.20399,0.76691,0.00017048,0.00017048,0.00017048
926,22220.9,0.32393,0.26907,0.83217,0.98162,1,0.99476,0.98411,0.20834,0.20516,0.76618,0.0001685,0.0001685,0.0001685
927,22235.3,0.30586,0.25132,0.8082,0.98162,1,0.99476,0.98411,0.20834,0.20516,0.76618,0.00016652,0.00016652,0.00016652
928,22249.8,0.28225,0.28143,0.84066,0.98189,1,0.99476,0.98388,0.2073,0.20386,0.76553,0.00016454,0.00016454,0.00016454
929,22264.3,0.36375,0.27773,0.82658,0.98189,1,0.99476,0.98388,0.2073,0.20386,0.76553,0.00016256,0.00016256,0.00016256
930,22278.7,0.2873,0.24221,0.84125,0.98231,1,0.99476,0.98447,0.20419,0.20047,0.76502,0.00016058,0.00016058,0.00016058
931,22293.4,0.30948,0.26444,0.82422,0.98231,1,0.99476,0.98447,0.20419,0.20047,0.76502,0.0001586,0.0001586,0.0001586
932,22308.2,0.32172,0.26202,0.81976,0.98283,1,0.99476,0.98561,0.20125,0.19843,0.76483,0.00015662,0.00015662,0.00015662
933,22323.2,0.29733,0.25653,0.82257,0.98283,1,0.99476,0.98561,0.20125,0.19843,0.76483,0.00015464,0.00015464,0.00015464
934,22337.5,0.2539,0.24186,0.81755,0.98285,1,0.99476,0.98539,0.19892,0.19625,0.76481,0.00015266,0.00015266,0.00015266
935,22351.9,0.34661,0.25917,0.84462,0.98285,1,0.99476,0.98539,0.19892,0.19625,0.76481,0.00015068,0.00015068,0.00015068
936,22367.8,0.28358,0.23608,0.77701,0.98252,1,0.99476,0.98535,0.19912,0.19484,0.76502,0.0001487,0.0001487,0.0001487
937,22382.6,0.34137,0.26559,0.80289,0.98252,1,0.99476,0.98535,0.19912,0.19484,0.76502,0.00014672,0.00014672,0.00014672
938,22397.4,0.3026,0.24161,0.80927,0.98195,1,0.99476,0.98432,0.20052,0.19417,0.76525,0.00014474,0.00014474,0.00014474
939,22411.8,0.28456,0.24374,0.79355,0.98195,1,0.99476,0.98432,0.20052,0.19417,0.76525,0.00014276,0.00014276,0.00014276
940,22426.8,0.3225,0.25183,0.81701,0.98137,1,0.99476,0.98438,0.20201,0.19445,0.76544,0.00014078,0.00014078,0.00014078
941,22442,0.31921,0.27031,0.8379,0.98137,1,0.99476,0.98438,0.20201,0.19445,0.76544,0.0001388,0.0001388,0.0001388
942,22456.8,0.26325,0.23213,0.82909,0.98076,1,0.99476,0.98546,0.20231,0.19549,0.76547,0.00013682,0.00013682,0.00013682
943,22471.4,0.29103,0.23814,0.83785,0.98076,1,0.99476,0.98546,0.20231,0.19549,0.76547,0.00013484,0.00013484,0.00013484
944,22486.7,0.29592,0.24867,0.82906,0.98052,1,0.99476,0.98692,0.20127,0.19474,0.76545,0.00013286,0.00013286,0.00013286
945,22501.8,0.24995,0.23717,0.80316,0.98052,1,0.99476,0.98692,0.20127,0.19474,0.76545,0.00013088,0.00013088,0.00013088
946,22516.7,0.31361,0.25019,0.82476,0.98296,1,0.99476,0.98517,0.20111,0.19545,0.76535,0.0001289,0.0001289,0.0001289
947,22531.7,0.3185,0.25456,0.8269,0.98296,1,0.99476,0.98517,0.20111,0.19545,0.76535,0.00012692,0.00012692,0.00012692
948,22546.6,0.26177,0.23936,0.81696,0.98389,1,0.99476,0.98509,0.2011,0.19727,0.76516,0.00012494,0.00012494,0.00012494
949,22561.3,0.27014,0.23439,0.81308,0.98389,1,0.99476,0.98509,0.2011,0.19727,0.76516,0.00012296,0.00012296,0.00012296
950,22576.2,0.30805,0.24998,0.81777,0.98306,1,0.99476,0.98538,0.20015,0.1999,0.76505,0.00012098,0.00012098,0.00012098
951,22590.7,0.31322,0.25886,0.82164,0.98306,1,0.99476,0.98538,0.20015,0.1999,0.76505,0.000119,0.000119,0.000119
952,22605.5,0.33873,0.25209,0.83253,0.98077,1,0.99476,0.9849,0.19925,0.20045,0.76506,0.00011702,0.00011702,0.00011702
953,22620.7,0.28516,0.24876,0.82585,0.98077,1,0.99476,0.9849,0.19925,0.20045,0.76506,0.00011504,0.00011504,0.00011504
954,22635.2,0.26042,0.23582,0.85137,0.98127,1,0.99476,0.98469,0.19963,0.1992,0.76506,0.00011306,0.00011306,0.00011306
955,22650.2,0.30918,0.26262,0.80133,0.98127,1,0.99476,0.98469,0.19963,0.1992,0.76506,0.00011108,0.00011108,0.00011108
956,22664.7,0.32637,0.26477,0.81656,0.98201,1,0.99476,0.98482,0.20199,0.1984,0.76537,0.0001091,0.0001091,0.0001091
957,22679.2,0.33068,0.2694,0.81448,0.98201,1,0.99476,0.98482,0.20199,0.1984,0.76537,0.00010712,0.00010712,0.00010712
958,22693.8,0.30288,0.26063,0.81767,0.9889,0.98765,0.99488,0.98396,0.20658,0.19838,0.7659,0.00010514,0.00010514,0.00010514
959,22708.4,0.29106,0.2451,0.79805,0.9889,0.98765,0.99488,0.98396,0.20658,0.19838,0.7659,0.00010316,0.00010316,0.00010316
960,22723.2,0.26865,0.23286,0.83323,0.99274,0.98765,0.99488,0.98388,0.211,0.19926,0.76664,0.00010118,0.00010118,0.00010118
961,22737.8,0.33657,0.27687,0.85003,0.99274,0.98765,0.99488,0.98388,0.211,0.19926,0.76664,9.92e-05,9.92e-05,9.92e-05
962,22752.2,0.26245,0.23364,0.81553,0.99347,0.98765,0.99488,0.98394,0.21142,0.20014,0.76679,9.722e-05,9.722e-05,9.722e-05
963,22766.7,0.31006,0.26621,0.83573,0.99347,0.98765,0.99488,0.98394,0.21142,0.20014,0.76679,9.524e-05,9.524e-05,9.524e-05
964,22781.8,0.26235,0.23455,0.80237,0.99386,0.98765,0.99488,0.98453,0.21048,0.19952,0.76677,9.326e-05,9.326e-05,9.326e-05
965,22796.4,0.27008,0.25096,0.84264,0.99386,0.98765,0.99488,0.98453,0.21048,0.19952,0.76677,9.128e-05,9.128e-05,9.128e-05
966,22811.1,0.30589,0.26051,0.82276,0.99417,0.98765,0.99488,0.98453,0.20921,0.19843,0.7666,8.93e-05,8.93e-05,8.93e-05
967,22826.1,0.27513,0.23031,0.81212,0.99417,0.98765,0.99488,0.98453,0.20921,0.19843,0.7666,8.732e-05,8.732e-05,8.732e-05
968,22842,0.27946,0.27604,0.84041,0.99905,0.98765,0.99488,0.98452,0.20692,0.19723,0.76629,8.534e-05,8.534e-05,8.534e-05
969,22857.6,0.27407,0.22384,0.82625,0.99905,0.98765,0.99488,0.98452,0.20692,0.19723,0.76629,8.336e-05,8.336e-05,8.336e-05
970,22872.5,0.29709,0.24575,0.83356,0.99855,0.98765,0.99488,0.98445,0.20392,0.19576,0.76598,8.138e-05,8.138e-05,8.138e-05
971,22887.9,0.31899,0.26033,0.82753,0.99855,0.98765,0.99488,0.98445,0.20392,0.19576,0.76598,7.94e-05,7.94e-05,7.94e-05
972,22903.1,0.25486,0.2417,0.78644,1,0.99388,0.995,0.98343,0.20019,0.19418,0.76569,7.742e-05,7.742e-05,7.742e-05
973,22917.8,0.27095,0.23748,0.82364,1,0.99388,0.995,0.98343,0.20019,0.19418,0.76569,7.544e-05,7.544e-05,7.544e-05
974,22932.8,0.30258,0.2527,0.82024,0.999,0.98765,0.99488,0.98342,0.19629,0.19318,0.76519,7.346e-05,7.346e-05,7.346e-05
975,22948,0.30203,0.2636,0.82305,0.999,0.98765,0.99488,0.98342,0.19629,0.19318,0.76519,7.148e-05,7.148e-05,7.148e-05
976,22963.3,0.28856,0.24307,0.82275,0.9992,0.98765,0.99488,0.98335,0.19406,0.193,0.76482,6.95e-05,6.95e-05,6.95e-05
977,22978.2,0.26913,0.22863,0.7932,0.9992,0.98765,0.99488,0.98335,0.19406,0.193,0.76482,6.752e-05,6.752e-05,6.752e-05
978,22992.8,0.27418,0.25022,0.81849,0.9991,0.98765,0.99488,0.98413,0.19265,0.193,0.76458,6.554e-05,6.554e-05,6.554e-05
979,23007.6,0.333,0.26082,0.83445,0.9991,0.98765,0.99488,0.98413,0.19265,0.193,0.76458,6.356e-05,6.356e-05,6.356e-05
980,23022.5,0.33004,0.26773,0.80688,0.9992,0.98765,0.99488,0.98419,0.19222,0.19204,0.76447,6.158e-05,6.158e-05,6.158e-05
981,23037,0.28021,0.24904,0.80091,0.9992,0.98765,0.99488,0.98419,0.19222,0.19204,0.76447,5.96e-05,5.96e-05,5.96e-05
982,23051.6,0.24931,0.22322,0.81851,0.99942,0.98765,0.99488,0.98417,0.1934,0.19245,0.76448,5.762e-05,5.762e-05,5.762e-05
983,23066.3,0.26801,0.22453,0.79274,0.99942,0.98765,0.99488,0.98417,0.1934,0.19245,0.76448,5.564e-05,5.564e-05,5.564e-05
984,23081.3,0.28409,0.23833,0.82425,1,0.99405,0.995,0.98431,0.19397,0.19257,0.76455,5.366e-05,5.366e-05,5.366e-05
985,23095.8,0.30859,0.25765,0.81846,1,0.99405,0.995,0.98431,0.19397,0.19257,0.76455,5.168e-05,5.168e-05,5.168e-05
986,23110.7,0.30835,0.25922,0.8062,1,0.9943,0.995,0.98422,0.19485,0.19245,0.76464,4.97e-05,4.97e-05,4.97e-05
987,23125.5,0.27386,0.23645,0.82342,1,0.9943,0.995,0.98422,0.19485,0.19245,0.76464,4.772e-05,4.772e-05,4.772e-05
988,23140.3,0.31429,0.25582,0.83842,1,0.9942,0.995,0.98422,0.19538,0.19219,0.76459,4.574e-05,4.574e-05,4.574e-05
989,23155.1,0.29069,0.23966,0.82039,1,0.9942,0.995,0.98422,0.19538,0.19219,0.76459,4.376e-05,4.376e-05,4.376e-05
990,23169.8,0.2647,0.25037,0.82505,1,0.99437,0.995,0.98411,0.19532,0.19242,0.76457,4.178e-05,4.178e-05,4.178e-05
991,23184.4,0.27752,0.22351,0.75494,1,0.99437,0.995,0.98411,0.19532,0.19242,0.76457,3.98e-05,3.98e-05,3.98e-05
992,23198.9,0.29943,0.23038,0.78401,1,0.99514,0.995,0.98406,0.19697,0.19285,0.76477,3.782e-05,3.782e-05,3.782e-05
993,23213.3,0.25352,0.21184,0.81196,1,0.99514,0.995,0.98406,0.19697,0.19285,0.76477,3.584e-05,3.584e-05,3.584e-05
994,23227.4,0.26167,0.22657,0.80449,1,0.99598,0.995,0.98356,0.19742,0.19322,0.76489,3.386e-05,3.386e-05,3.386e-05
995,23241.6,0.31002,0.23593,0.78944,1,0.99598,0.995,0.98356,0.19742,0.19322,0.76489,3.188e-05,3.188e-05,3.188e-05
996,23256.3,0.27258,0.22436,0.78934,1,0.99675,0.995,0.9833,0.1983,0.19282,0.76497,2.99e-05,2.99e-05,2.99e-05
997,23271.7,0.26492,0.2256,0.76421,1,0.99675,0.995,0.9833,0.1983,0.19282,0.76497,2.792e-05,2.792e-05,2.792e-05
998,23286.6,0.25689,0.21421,0.79065,1,0.9972,0.995,0.9833,0.19861,0.19333,0.76498,2.594e-05,2.594e-05,2.594e-05
999,23301.2,0.28206,0.2207,0.79649,1,0.9972,0.995,0.9833,0.19861,0.19333,0.76498,2.396e-05,2.396e-05,2.396e-05
1000,23315.8,0.23131,0.2131,0.77805,1,0.99773,0.995,0.98311,0.1988,0.19389,0.76504,2.198e-05,2.198e-05,2.198e-05
